Cpd,Mass,Avg Mass,RT,Vol,Quality Score,m/z,Show/Hide,Label,,Std Dev,Base Peak,Polarity,Max Z,Min Z,Start,End,Height,Width,Vol %,Ions,Z Count,Saturated,Group,Cpds/Group,File,Algorithm
478,451.97,452.0537,17.517,16958762,100,450.9627,TRUE,Cpd 478: 17.517,,0.0004,450.9627,Negative,-1,-1,17.422,17.705,2928572,0.084,13.33,7,1,S,206,5,NZ_180521_s04.d,Find by Molecular Feature
292,6781.0413,6784.5879,9.752,16819442,100,677.097,TRUE,Cpd 292: 9.752,,0.006,677.3961,Negative,-4,-13,9.562,9.97,223540,0.097,13.22,116,10,,130,15,NZ_180521_s04.d,Find by Molecular Feature
238,6024.8481,6027.8853,7.743,13740135,100,668.4205,TRUE,Cpd 238: 7.743,,0.0067,668.6422,Negative,-4,-12,7.563,7.963,220444,0.095,10.8,100,9,,106,13,NZ_180521_s04.d,Find by Molecular Feature
388,401.9926,402.0523,16.615,13537392,100,400.9853,TRUE,Cpd 388: 16.615,,,400.9853,Negative,-1,-1,16.181,16.864,557243,0.34,10.64,2,1,,169,4,NZ_180521_s04.d,Find by Molecular Feature
319,403.9885,404.0575,16.154,7544663,97.8,402.9812,TRUE,Cpd 319: 16.154,,,402.9812,Negative,-1,-1,15.931,16.431,605552,0.193,5.93,3,1,,139,2,NZ_180521_s04.d,Find by Molecular Feature
484,551.9833,552.086,17.573,7536428,100,550.976,TRUE,Cpd 484: 17.573,,,550.976,Negative,-1,-1,17.347,17.846,859957,0.131,5.92,4,1,,209,4,NZ_180521_s04.d,Find by Molecular Feature
471,467.9847,468.0725,17.466,1979037,100,466.9774,TRUE,Cpd 471: 17.466,,,466.9774,Negative,-1,-1,17.33,17.73,244245,0.147,1.56,3,1,,203,4,NZ_180521_s04.d,Find by Molecular Feature
401,388.1615,388.3895,16.764,1736106,100,387.1542,TRUE,Cpd 401: 16.764,,,387.1542,Negative,-1,-1,16.556,16.997,155227,0.144,1.36,4,1,,175,2,NZ_180521_s04.d,Find by Molecular Feature
376,399.9769,400.0443,16.591,1377885,100,798.9472,TRUE,Cpd 376: 16.591,,0.0005,798.9472,Negative,-1,-1,16.481,16.797,80827,0.106,1.08,5,1,,167,9,NZ_180521_s04.d,Find by Molecular Feature
479,619.9711,620.077,17.522,1374654,100,618.9638,TRUE,Cpd 479: 17.522,,,618.9638,Negative,-1,-1,17.397,17.755,210362,0.114,1.08,3,1,,207,1,NZ_180521_s04.d,Find by Molecular Feature
432,415.9911,416.0861,17.068,1258454,100,414.9838,TRUE,Cpd 432: 17.068,,0.0013,414.9838,Negative,-1,-1,16.972,17.238,224076,0.085,0.99,6,1,,188,8,NZ_180521_s04.d,Find by Molecular Feature
294,6798.0428,6804.9482,9.752,1190400,80,678.7949,TRUE,Cpd 294: 9.752,,0.039,679.5946,Negative,-8,-11,9.578,9.97,15781,0.106,0.94,44,4,,130,15,NZ_180521_s04.d,Find by Molecular Feature
1,357.9834,358.037,0.6,1091085,50.2,356.9761,TRUE,Cpd 1: 0.600,,,356.9761,Negative,-1,-1,0.528,0.861,134625,0.182,0.86,3,1,,1,4,NZ_180521_s04.d,Find by Molecular Feature
397,418.0062,418.0872,16.723,1036915,100,416.9989,TRUE,Cpd 397: 16.723,,,416.9989,Negative,-1,-1,16.581,16.872,179318,0.087,0.82,2,1,,174,3,NZ_180521_s04.d,Find by Molecular Feature
336,501.9856,502.088,16.295,909798,100,500.9783,TRUE,Cpd 336: 16.295,,,500.9783,Negative,-1,-1,15.998,16.497,66971,0.218,0.72,3,1,,148,2,NZ_180521_s04.d,Find by Molecular Feature
240,6046.8268,6049.6816,7.744,899013,100,670.8619,TRUE,Cpd 240: 7.744,,0.013,671.0837,Negative,-4,-11,7.597,7.888,13519,0.087,0.71,55,7,,106,13,NZ_180521_s04.d,Find by Molecular Feature
494,403.9884,404.0706,17.767,875626,53.9,402.9811,TRUE,Cpd 494: 17.767,,,402.9811,Negative,-1,-1,17.522,18.038,54485,0.225,0.69,3,1,,214,2,NZ_180521_s04.d,Find by Molecular Feature
447,451.989,452.069,17.189,870746,100,450.9818,TRUE,Cpd 447: 17.189,,,450.9818,Negative,-1,-1,17.014,17.397,88129,0.166,0.68,3,1,,193,2,NZ_180521_s04.d,Find by Molecular Feature
173,4788.6073,4790.8635,6.766,861658,100,683.079,TRUE,Cpd 173: 6.766,,0.0066,683.3654,Negative,-3,-9,6.556,6.906,14443,0.097,0.68,44,7,,85,4,NZ_180521_s04.d,Find by Molecular Feature
477,635.9657,636.0683,17.515,744316,100,634.9584,TRUE,Cpd 477: 17.515,,,634.9584,Negative,-1,-1,17.413,17.721,118125,0.097,0.59,3,1,,206,5,NZ_180521_s04.d,Find by Molecular Feature
135,3504.4332,3506.0402,5.319,693526,100,583.0649,TRUE,Cpd 135: 5.319,,0.0037,583.2318,Negative,-2,-7,5.199,5.457,25121,0.086,0.55,35,6,,63,4,NZ_180521_s04.d,Find by Molecular Feature
186,5117.6579,5120.0931,7.186,642289,100,638.6999,TRUE,Cpd 186: 7.186,,0.006,638.95,Negative,-3,-9,7.014,7.33,13024,0.089,0.5,46,7,,90,3,NZ_180521_s04.d,Find by Molecular Feature
129,3198.4107,3199.9079,4.866,629698,100,638.6747,TRUE,Cpd 129: 4.866,,0.0043,638.8753,Negative,-2,-7,4.599,5.082,11122,0.145,0.49,30,6,,58,3,NZ_180521_s04.d,Find by Molecular Feature
88,2219.2752,2220.2868,2.92,619956,100,553.8114,TRUE,Cpd 88: 2.920,,0.0026,553.8114,Negative,-2,-6,2.801,3.15,21896,0.11,0.49,20,5,,37,5,NZ_180521_s04.d,Find by Molecular Feature
168,4483.5665,4485.6914,6.509,602277,100,639.5015,TRUE,Cpd 168: 6.509,,0.0114,639.6456,Negative,-3,-8,6.356,6.672,12258,0.107,0.47,37,6,,83,6,NZ_180521_s04.d,Find by Molecular Feature
142,3849.4786,3851.2499,5.733,601890,100,640.5725,TRUE,Cpd 142: 5.733,,0.0039,640.7397,Negative,-2,-7,5.54,5.865,20870,0.087,0.47,35,6,,67,3,NZ_180521_s04.d,Find by Molecular Feature
422,517.9809,518.0802,16.994,593291,100,516.9736,TRUE,Cpd 422: 16.994,,,516.9736,Negative,-1,-1,16.872,17.197,73763,0.122,0.47,3,1,,186,2,NZ_180521_s04.d,Find by Molecular Feature
247,5775.7534,5778.5963,7.781,591675,100,720.9625,TRUE,Cpd 247: 7.781,,0.0108,721.2119,Negative,-3,-10,7.647,7.896,10159,0.084,0.47,53,7,,108,2,NZ_180521_s04.d,Find by Molecular Feature
377,567.9774,568.0596,16.594,573828,100,566.9701,TRUE,Cpd 377: 16.594,,,566.9701,Negative,-1,-1,16.489,16.756,75177,0.119,0.45,2,1,,167,9,NZ_180521_s04.d,Find by Molecular Feature
100,2564.322,2565.5568,3.538,557419,100,640.0734,TRUE,Cpd 100: 3.538,,0.0018,640.0734,Negative,-2,-6,3.4,3.692,13842,0.092,0.44,24,5,,42,5,NZ_180521_s04.d,Find by Molecular Feature
210,5446.6979,5449.305,7.492,535900,100,679.8298,TRUE,Cpd 210: 7.492,,0.009,680.0811,Negative,-3,-9,7.322,7.613,14485,0.086,0.42,41,6,,99,6,NZ_180521_s04.d,Find by Molecular Feature
306,5825.9037,5829.0876,9.782,510096,80,646.3149,TRUE,Cpd 306: 9.782,,0.017,646.5377,Negative,-3,-10,9.595,9.97,8896,0.112,0.4,42,6,,131,2,NZ_180521_s04.d,Find by Molecular Feature
72,1913.2522,1914.1289,2.161,498149,100,477.3056,TRUE,Cpd 72: 2.161,,0.0008,477.3056,Negative,-2,-5,1.96,2.343,14015,0.129,0.39,14,4,,29,5,NZ_180521_s04.d,Find by Molecular Feature
383,583.972,584.0977,16.597,451406,95.9,582.9648,TRUE,Cpd 383: 16.597,,,582.9648,Negative,-1,-1,16.489,16.872,44527,0.168,0.35,3,1,,167,9,NZ_180521_s04.d,Find by Molecular Feature
486,383.9819,384.0543,17.573,450640,100,766.9569,TRUE,Cpd 486: 17.573,,0.0005,766.9569,Negative,-1,-1,17.422,17.713,28348,0.102,0.35,5,1,,209,4,NZ_180521_s04.d,Find by Molecular Feature
119,2893.3714,2894.7182,4.421,447008,100,577.6669,TRUE,Cpd 119: 4.421,,0.0034,577.8674,Negative,-2,-6,4.233,4.574,13536,0.105,0.35,24,5,,53,4,NZ_180521_s04.d,Find by Molecular Feature
324,585.968,586.0659,16.203,439160,100,584.9607,TRUE,Cpd 324: 16.203,,,584.9607,Negative,-1,-1,16.098,16.481,61135,0.125,0.35,3,1,,142,2,NZ_180521_s04.d,Find by Molecular Feature
299,6803.0252,6806.3784,9.755,417540,100,1699.7507,TRUE,Cpd 299: 9.755,,0.0203,1700.503,Negative,-4,-8,9.603,9.895,6187,0.094,0.33,28,3,,130,15,NZ_180521_s04.d,Find by Molecular Feature
485,429.9872,430.087,17.573,410474,80,428.98,TRUE,Cpd 485: 17.573,,0.0004,428.98,Negative,-1,-1,17.397,17.73,49403,0.125,0.32,4,1,,209,4,NZ_180521_s04.d,Find by Molecular Feature
160,4178.5284,4180.5442,6.264,387527,100,695.4147,TRUE,Cpd 160: 6.264,,0.0079,695.5812,Negative,-3,-7,6.106,6.448,8089,0.091,0.3,31,5,,78,2,NZ_180521_s04.d,Find by Molecular Feature
268,4579.7738,4582.0079,9.109,386687,100,653.2456,TRUE,Cpd 268: 9.109,,0.008,653.5321,Negative,-3,-8,8.995,9.237,7847,0.088,0.3,36,6,,120,3,NZ_180521_s04.d,Find by Molecular Feature
54,1608.2123,1608.9611,1.453,380380,100,535.0636,TRUE,Cpd 54: 1.453,,0.0011,535.0636,Negative,-1,-4,1.31,1.618,13692,0.144,0.3,14,4,,19,3,NZ_180521_s04.d,Find by Molecular Feature
271,4885.7908,4887.9971,9.135,356118,100,696.9629,TRUE,Cpd 271: 9.135,,0.0053,697.2493,Negative,-3,-8,9.004,9.279,8117,0.093,0.28,35,6,,121,3,NZ_180521_s04.d,Find by Molecular Feature
278,5190.8364,5193.3184,9.241,349988,100,647.8466,TRUE,Cpd 278: 9.241,,0.0116,648.097,Negative,-3,-9,9.095,9.354,7237,0.089,0.28,34,5,,123,4,NZ_180521_s04.d,Find by Molecular Feature
313,6809.0114,6812.3496,10.199,349358,90.3,679.8942,TRUE,Cpd 313: 10.199,,0.0205,680.1933,Negative,-8,-11,10.061,10.303,5609,0.091,0.27,30,4,,135,2,NZ_180521_s04.d,Find by Molecular Feature
330,517.9801,518.0941,16.246,348813,100,516.9728,TRUE,Cpd 330: 16.246,,,516.9728,Negative,-1,-1,16.098,16.406,28259,0.172,0.27,3,1,,145,3,NZ_180521_s04.d,Find by Molecular Feature
223,5719.7979,5722.3845,7.624,336616,100,634.5255,TRUE,Cpd 223: 7.624,,0.0047,634.7482,Negative,-3,-10,7.438,7.772,6624,0.097,0.26,32,5,,103,8,NZ_180521_s04.d,Find by Molecular Feature
429,401.9765,402.0422,17.067,321283,72.3,400.9692,TRUE,Cpd 429: 17.067,,0.0047,400.9692,Negative,-1,-1,16.997,17.122,82150,0.05,0.25,3,1,,188,8,NZ_180521_s04.d,Find by Molecular Feature
273,4234.7271,4236.8231,9.145,305380,100,603.9536,TRUE,Cpd 273: 9.145,,0.0072,604.2402,Negative,-3,-8,9.012,9.245,8383,0.083,0.24,33,6,,122,2,NZ_180521_s04.d,Find by Molecular Feature
213,5069.7131,5072.1199,7.522,302944,100,562.2941,TRUE,Cpd 213: 7.522,,0.0081,562.5164,Negative,-3,-10,7.38,7.68,5872,0.089,0.24,36,6,,100,5,NZ_180521_s04.d,Find by Molecular Feature
396,467.9831,469.3631,16.702,286583,74.4,466.9758,TRUE,Cpd 396: 16.702,,,466.9758,Negative,-1,-1,16.431,16.88,14169,0.181,0.23,7,1,,173,3,NZ_180521_s04.d,Find by Molecular Feature
226,2010.4388,2011.5312,7.625,279963,100,1004.2129,TRUE,Cpd 226: 7.625,,0.0029,1004.2129,Negative,-2,-4,7.547,7.772,8711,0.091,0.22,15,3,,103,8,NZ_180521_s04.d,Find by Molecular Feature
325,699.9601,700.1066,16.227,273736,100,698.9528,TRUE,Cpd 325: 16.227,,,698.9528,Negative,-1,-1,16.131,16.373,32108,0.129,0.22,3,1,,143,1,NZ_180521_s04.d,Find by Molecular Feature
279,5496.8566,5499.5815,9.383,262486,98.6,609.7549,TRUE,Cpd 279: 9.383,,0.0081,609.9771,Negative,-3,-9,9.229,9.537,5200,0.09,0.21,27,4,,124,2,NZ_180521_s04.d,Find by Molecular Feature
44,1302.1878,1302.8913,1.006,261489,100,433.0554,TRUE,Cpd 44: 1.006,,0.0008,433.0554,Negative,-1,-3,0.936,1.135,15889,0.072,0.21,11,3,,15,6,NZ_180521_s04.d,Find by Molecular Feature
378,635.9643,636.0713,16.595,257420,100,634.9571,TRUE,Cpd 378: 16.595,,,634.9571,Negative,-1,-1,16.489,16.772,30219,0.126,0.2,2,1,,167,9,NZ_180521_s04.d,Find by Molecular Feature
285,6475.9924,6479.2529,9.717,247965,84,718.5479,TRUE,Cpd 285: 9.717,,0.0229,718.8801,Negative,-8,-11,9.628,9.853,7647,0.088,0.19,24,3,,127,3,NZ_180521_s04.d,Find by Molecular Feature
170,4434.638,4436.6159,6.51,237075,99.2,553.3225,TRUE,Cpd 170: 6.510,,0.0062,553.4481,Negative,-3,-9,6.398,6.647,5750,0.086,0.19,32,6,,83,6,NZ_180521_s04.d,Find by Molecular Feature
255,6104.7934,6107.7024,8.054,234501,80,677.302,TRUE,Cpd 255: 8.054,,0.0276,677.5257,Negative,-8,-10,7.846,8.155,6108,0.086,0.18,24,3,,113,2,NZ_180521_s04.d,Find by Molecular Feature
385,513.9695,514.0993,16.608,233566,80,512.9622,TRUE,Cpd 385: 16.608,,,512.9622,Negative,-1,-1,16.497,16.839,23830,0.139,0.18,3,1,,169,4,NZ_180521_s04.d,Find by Molecular Feature
316,419.9824,420.0588,16.085,230843,59.9,418.9752,TRUE,Cpd 316: 16.085,,,418.9752,Negative,-1,-1,15.823,16.281,17453,0.207,0.18,2,1,,138,2,NZ_180521_s04.d,Find by Molecular Feature
480,835.9522,836.0956,17.533,228196,100,834.9449,TRUE,Cpd 480: 17.533,,,834.9449,Negative,-1,-1,17.455,17.671,42441,0.076,0.18,3,1,,208,3,NZ_180521_s04.d,Find by Molecular Feature
153,3823.5795,3825.3424,6.053,227161,96.9,636.2562,TRUE,Cpd 153: 6.053,,0.0121,636.4233,Negative,-2,-7,5.981,6.223,6364,0.094,0.18,31,6,,73,2,NZ_180521_s04.d,Find by Molecular Feature
31,973.1367,973.5742,0.846,224370,100,485.5611,TRUE,Cpd 31: 0.846,,0.0002,485.5611,Negative,-1,-2,0.769,0.994,26965,0.078,0.18,7,2,,10,4,NZ_180521_s04.d,Find by Molecular Feature
158,4129.6009,4131.4502,6.233,221743,96.5,588.9354,TRUE,Cpd 158: 6.233,,0.008,589.0786,Negative,-3,-8,6.156,6.381,5259,0.089,0.17,30,6,,77,2,NZ_180521_s04.d,Find by Molecular Feature
241,6041.8274,6046.802,7.745,210109,80,603.1751,TRUE,Cpd 241: 7.745,,0.0075,603.8743,Negative,-8,-10,7.622,7.855,6157,0.092,0.17,17,2,,106,13,NZ_180521_s04.d,Find by Molecular Feature
205,5374.7611,5376.8846,7.447,207685,100,596.1878,TRUE,Cpd 205: 7.447,,0.0088,596.4096,Negative,-3,-10,7.314,7.605,6032,0.091,0.16,22,4,,97,5,NZ_180521_s04.d,Find by Molecular Feature
290,6645.9806,6649.3698,9.75,203000,80,663.5935,TRUE,Cpd 290: 9.750,,0.0406,663.79,Negative,-9,-11,9.662,9.861,4033,0.082,0.16,24,3,,129,2,NZ_180521_s04.d,Find by Molecular Feature
263,3600.6373,3602.3657,8.42,195308,100,599.0984,TRUE,Cpd 263: 8.420,,0.0055,599.2661,Negative,-2,-6,8.329,8.513,5143,0.078,0.15,25,5,,117,3,NZ_180521_s04.d,Find by Molecular Feature
408,597.9698,598.3183,16.854,192537,80,596.9625,TRUE,Cpd 408: 16.854,,,596.9625,Negative,-1,-1,16.731,16.989,18969,0.133,0.15,4,1,,180,2,NZ_180521_s04.d,Find by Molecular Feature
237,5889.7735,5892.6809,7.743,188162,96.5,653.4131,TRUE,Cpd 237: 7.743,,0.0141,653.6353,Negative,-8,-10,7.622,7.846,3965,0.079,0.15,24,3,,106,13,NZ_180521_s04.d,Find by Molecular Feature
465,572.1512,572.3799,17.372,186922,85.3,571.1439,TRUE,Cpd 465: 17.372,,,571.1439,Negative,-1,-1,17.155,17.58,11983,0.206,0.15,3,1,,201,1,NZ_180521_s04.d,Find by Molecular Feature
147,3478.5372,3480.0959,5.856,185702,100,578.7495,TRUE,Cpd 147: 5.856,,0.0058,578.916,Negative,-2,-7,5.79,6.006,6311,0.087,0.15,28,6,,69,2,NZ_180521_s04.d,Find by Molecular Feature
198,1681.3891,1682.2893,7.354,183827,100,559.4559,TRUE,Cpd 198: 7.354,,0.0018,559.4559,Negative,-1,-4,7.272,7.472,7461,0.085,0.14,13,4,,95,3,NZ_180521_s04.d,Find by Molecular Feature
445,396.2071,396.4285,17.121,179288,100,395.1998,TRUE,Cpd 445: 17.121,,,395.1998,Negative,-1,-1,16.889,17.447,11616,0.216,0.14,3,1,,192,4,NZ_180521_s04.d,Find by Molecular Feature
283,6130.9398,6133.8997,9.662,178841,80,612.0872,TRUE,Cpd 283: 9.662,,0.0422,612.2873,Negative,-8,-10,9.478,9.828,5941,0.107,0.14,14,2,,126,2,NZ_180521_s04.d,Find by Molecular Feature
502,419.9825,420.0741,17.863,177722,52.8,418.9752,TRUE,Cpd 502: 17.863,,,418.9752,Negative,-1,-1,17.547,18.121,11707,0.227,0.14,2,1,,219,2,NZ_180521_s04.d,Find by Molecular Feature
179,4740.6638,4742.8958,6.847,176334,100,591.5757,TRUE,Cpd 179: 6.847,,0.0075,591.826,Negative,-3,-9,6.772,6.981,4236,0.082,0.14,26,5,,87,4,NZ_180521_s04.d,Find by Molecular Feature
488,567.9771,568.1052,17.587,173273,100,566.9699,TRUE,Cpd 488: 17.587,,,566.9699,Negative,-1,-1,17.38,17.755,19507,0.14,0.14,3,1,,210,3,NZ_180521_s04.d,Find by Molecular Feature
504,401.8738,401.9406,18.255,168826,80,400.8666,TRUE,Cpd 504: 18.255,,0.0012,400.8666,Negative,-1,-1,18.004,18.587,9291,0.289,0.13,3,1,,220,1,NZ_180521_s04.d,Find by Molecular Feature
192,2315.4814,2316.7042,7.299,163692,100,577.8632,TRUE,Cpd 192: 7.299,,0.0022,578.1135,Negative,-2,-5,7.23,7.413,5225,0.08,0.13,18,4,,93,5,NZ_180521_s04.d,Find by Molecular Feature
117,2844.447,2845.7496,4.316,163455,100,567.8816,TRUE,Cpd 117: 4.316,,0.0052,568.0822,Negative,-2,-5,4.233,4.483,5341,0.101,0.13,17,4,,51,3,NZ_180521_s04.d,Find by Molecular Feature
462,586.0059,586.1393,17.331,162294,100,584.9986,TRUE,Cpd 462: 17.331,,,584.9986,Negative,-1,-1,17.205,17.48,18904,0.124,0.13,2,1,,199,4,NZ_180521_s04.d,Find by Molecular Feature
476,687.9572,688.0608,17.515,156296,100,686.9499,TRUE,Cpd 476: 17.515,,,686.9499,Negative,-1,-1,17.438,17.63,25482,0.09,0.12,2,1,,206,5,NZ_180521_s04.d,Find by Molecular Feature
96,2193.3787,2194.3843,3.474,154420,100,547.3374,TRUE,Cpd 96: 3.474,,0.0019,547.3374,Negative,-2,-5,3.408,3.583,6188,0.082,0.12,16,4,,40,4,NZ_180521_s04.d,Find by Molecular Feature
111,2538.4244,2539.5691,3.999,154064,100,633.5989,TRUE,Cpd 111: 3.999,,0.0024,633.8496,Negative,-2,-5,3.925,4.125,5304,0.093,0.12,16,4,,48,4,NZ_180521_s04.d,Find by Molecular Feature
503,617.9735,618.0911,17.87,145691,100,616.9662,TRUE,Cpd 503: 17.870,,,616.9662,Negative,-1,-1,17.713,18.088,14075,0.161,0.11,2,1,,219,2,NZ_180521_s04.d,Find by Molecular Feature
489,533.9751,534.0726,17.591,145530,100,532.9678,TRUE,Cpd 489: 17.591,,,532.9678,Negative,-1,-1,17.405,17.73,16993,0.133,0.11,2,1,,210,3,NZ_180521_s04.d,Find by Molecular Feature
265,3905.6749,3907.5679,8.575,145505,95.9,556.9463,TRUE,Cpd 265: 8.575,,0.0021,557.0895,Negative,-2,-7,8.496,8.671,3291,0.076,0.11,26,5,,118,1,NZ_180521_s04.d,Find by Molecular Feature
266,6797.0049,6799.7277,8.726,145059,80,678.6928,TRUE,Cpd 266: 8.726,,0.014,678.9934,Negative,-8,-11,8.604,8.854,3140,0.084,0.11,23,4,,119,1,NZ_180521_s04.d,Find by Molecular Feature
448,465.9678,466.0574,17.215,144566,100,464.9605,TRUE,Cpd 448: 17.215,,0.0003,464.9605,Negative,-1,-1,17.122,17.38,12013,0.135,0.11,4,1,,194,6,NZ_180521_s04.d,Find by Molecular Feature
82,1254.2473,1254.783,2.413,137116,100,417.0749,TRUE,Cpd 82: 2.413,,0.001,417.0749,Negative,-1,-3,2.334,2.584,7029,0.081,0.11,9,3,,34,4,NZ_180521_s04.d,Find by Molecular Feature
282,6131.9448,6133.8634,9.662,136827,95.8,680.3197,TRUE,Cpd 282: 9.662,,0.0123,680.4295,Negative,-4,-9,9.495,9.77,5357,0.095,0.11,16,4,,126,2,NZ_180521_s04.d,Find by Molecular Feature
194,1352.3378,1353.0364,7.303,135065,100,675.1617,TRUE,Cpd 194: 7.303,,0.0017,675.1617,Negative,-1,-3,7.222,7.413,5260,0.089,0.11,11,3,,93,5,NZ_180521_s04.d,Find by Molecular Feature
315,471.9748,472.063,16.066,129779,75.9,470.9676,TRUE,Cpd 315: 16.066,,,470.9676,Negative,-1,-1,15.881,16.223,23539,0.131,0.1,2,1,,137,1,NZ_180521_s04.d,Find by Molecular Feature
352,533.9749,534.1072,16.431,126611,58.6,532.9676,TRUE,Cpd 352: 16.431,,,532.9676,Negative,-1,-1,16.139,16.572,15713,0.141,0.1,3,1,,156,4,NZ_180521_s04.d,Find by Molecular Feature
310,6813.068,6815.5037,9.804,126095,74.6,680.302,TRUE,Cpd 310: 9.804,,0.0422,680.3966,Negative,-9,-10,9.637,9.953,2560,0.135,0.1,14,2,,133,2,NZ_180521_s04.d,Find by Molecular Feature
261,3294.6165,3296.2301,8.37,125991,100,657.9158,TRUE,Cpd 261: 8.370,,0.0049,658.1171,Negative,-2,-6,8.296,8.463,4388,0.076,0.1,23,5,,116,2,NZ_180521_s04.d,Find by Molecular Feature
371,694.1574,694.4257,16.557,125586,100,693.1501,TRUE,Cpd 371: 16.557,,,693.1501,Negative,-1,-1,16.497,16.689,24893,0.067,0.1,3,1,,164,1,NZ_180521_s04.d,Find by Molecular Feature
344,429.9688,430.0688,16.365,123427,100,428.9615,TRUE,Cpd 344: 16.365,,,428.9615,Negative,-1,-1,16.114,16.514,16114,0.126,0.1,2,1,,152,4,NZ_180521_s04.d,Find by Molecular Feature
439,427.9733,428.1585,17.101,117673,100,426.966,TRUE,Cpd 439: 17.101,,,426.966,Negative,-1,-1,17.022,17.297,23057,0.082,0.09,3,1,,190,3,NZ_180521_s04.d,Find by Molecular Feature
463,388.1608,388.4307,17.332,116062,100,387.1535,TRUE,Cpd 463: 17.332,,,387.1535,Negative,-1,-1,17.189,17.455,10649,0.134,0.09,3,1,,199,4,NZ_180521_s04.d,Find by Molecular Feature
12,463.9461,464.11,0.637,112599,84.3,462.9388,TRUE,Cpd 12: 0.637,,,462.9388,Negative,-1,-1,0.453,0.861,9711,0.204,0.09,3,1,,4,8,NZ_180521_s04.d,Find by Molecular Feature
35,506.993,507.1534,0.882,112251,100,505.9858,TRUE,Cpd 35: 0.882,,,505.9858,Negative,-1,-1,0.827,0.986,24335,0.067,0.09,3,1,,11,4,NZ_180521_s04.d,Find by Molecular Feature
24,351.9957,352.0679,0.736,111735,52.9,350.9884,TRUE,Cpd 24: 0.736,,,350.9884,Negative,-1,-1,0.594,0.819,12533,0.128,0.09,2,1,,8,4,NZ_180521_s04.d,Find by Molecular Feature
493,471.9748,472.053,17.758,111715,56.9,470.9675,TRUE,Cpd 493: 17.758,,,470.9675,Negative,-1,-1,17.53,17.971,6914,0.246,0.09,2,1,,213,2,NZ_180521_s04.d,Find by Molecular Feature
435,375.2495,375.4786,17.089,111324,100,374.2422,TRUE,Cpd 435: 17.089,,,374.2422,Negative,-1,-1,17.022,17.189,21508,0.069,0.09,3,1,,189,3,NZ_180521_s04.d,Find by Molecular Feature
402,461.9946,462.1354,16.79,110892,85.6,460.9873,TRUE,Cpd 402: 16.790,,,460.9873,Negative,-1,-1,16.606,16.905,12965,0.156,0.09,2,1,,176,1,NZ_180521_s04.d,Find by Molecular Feature
368,397.956,398.0041,16.539,110362,100,396.9487,TRUE,Cpd 368: 16.539,,,396.9487,Negative,-1,-1,16.456,16.656,18504,0.093,0.09,2,1,,162,1,NZ_180521_s04.d,Find by Molecular Feature
459,601.9843,602.1131,17.302,107929,100,600.977,TRUE,Cpd 459: 17.302,,,600.977,Negative,-1,-1,17.155,17.455,8419,0.18,0.08,2,1,,198,3,NZ_180521_s04.d,Find by Molecular Feature
259,2949.5716,2950.9912,8.339,106993,100,588.9072,TRUE,Cpd 259: 8.339,,0.0036,589.1072,Negative,-2,-5,8.263,8.413,4648,0.074,0.08,17,4,,115,2,NZ_180521_s04.d,Find by Molecular Feature
188,1023.2859,1023.8225,7.219,106700,100,1022.2781,TRUE,Cpd 188: 7.219,,0.0008,1022.2781,Negative,-1,-2,7.139,7.33,5961,0.09,0.08,6,2,,91,3,NZ_180521_s04.d,Find by Molecular Feature
67,1559.2884,1560.004,1.847,106141,100,518.7556,TRUE,Cpd 67: 1.847,,0.0014,518.7556,Negative,-1,-4,1.785,1.935,4987,0.071,0.08,13,4,,27,3,NZ_180521_s04.d,Find by Molecular Feature
386,462.9717,463.0586,16.612,105180,100,461.9644,TRUE,Cpd 386: 16.612,,,461.9644,Negative,-1,-1,16.506,16.747,12625,0.12,0.08,2,1,,169,4,NZ_180521_s04.d,Find by Molecular Feature
127,3149.4833,3150.7649,4.778,99510,100,523.9069,TRUE,Cpd 127: 4.778,,0.0075,524.074,Negative,-2,-7,4.716,4.891,3088,0.079,0.08,23,6,,57,2,NZ_180521_s04.d,Find by Molecular Feature
449,649.963,650.1436,17.217,98179,80,648.9557,TRUE,Cpd 449: 17.217,,,648.9557,Negative,-1,-1,17.03,17.38,10431,0.142,0.08,3,1,,194,6,NZ_180521_s04.d,Find by Molecular Feature
403,395.9812,396.0754,16.801,97045,100,394.9739,TRUE,Cpd 403: 16.801,,,394.9739,Negative,-1,-1,16.647,16.922,8957,0.151,0.08,2,1,,177,2,NZ_180521_s04.d,Find by Molecular Feature
423,585.9681,586.0624,17.053,96626,95.2,584.9608,TRUE,Cpd 423: 17.053,,,584.9608,Negative,-1,-1,16.88,17.164,11844,0.144,0.08,2,1,,187,3,NZ_180521_s04.d,Find by Molecular Feature
452,579.9609,580.0613,17.219,96539,100,578.9536,TRUE,Cpd 452: 17.219,,,578.9536,Negative,-1,-1,17.122,17.438,10046,0.153,0.08,2,1,,194,6,NZ_180521_s04.d,Find by Molecular Feature
363,462.1806,462.4588,16.492,96375,100,461.1733,TRUE,Cpd 363: 16.492,,,461.1733,Negative,-1,-1,16.406,16.614,11267,0.11,0.08,3,1,,160,3,NZ_180521_s04.d,Find by Molecular Feature
470,535.9711,536.0677,17.462,95623,70.5,534.9639,TRUE,Cpd 470: 17.462,,,534.9639,Negative,-1,-1,17.297,17.688,11269,0.156,0.08,2,1,,203,4,NZ_180521_s04.d,Find by Molecular Feature
5,547.9647,548.0673,0.611,91923,60,546.9574,TRUE,Cpd 5: 0.611,,,546.9574,Negative,-1,-1,0.536,0.844,9762,0.204,0.07,2,1,,2,1,NZ_180521_s04.d,Find by Molecular Feature
208,2620.5193,2621.6709,7.492,90629,100,523.0967,TRUE,Cpd 208: 7.492,,0.0019,523.2962,Negative,-2,-5,7.43,7.572,2790,0.07,0.07,15,4,,99,6,NZ_180521_s04.d,Find by Molecular Feature
236,6039.7912,6043.4593,7.743,89887,80,670.0806,TRUE,Cpd 236: 7.743,,,670.7548,Negative,-9,-9,7.547,7.93,2638,0.138,0.07,7,1,,106,13,NZ_180521_s04.d,Find by Molecular Feature
424,586.0015,586.1071,17.057,87903,87,584.9942,TRUE,Cpd 424: 17.057,,,584.9942,Negative,-1,-1,16.939,17.197,8703,0.15,0.07,2,1,,187,3,NZ_180521_s04.d,Find by Molecular Feature
33,427.0268,427.1405,0.88,86620,100,426.0195,TRUE,Cpd 33: 0.880,,,426.0195,Negative,-1,-1,0.819,1.011,16816,0.086,0.07,2,1,,11,4,NZ_180521_s04.d,Find by Molecular Feature
505,441.866,441.943,18.272,85915,100,440.8587,TRUE,Cpd 505: 18.272,,,440.8587,Negative,-1,-1,18.013,18.571,5174,0.289,0.07,2,1,,221,1,NZ_180521_s04.d,Find by Molecular Feature
75,1864.3296,1865.1418,2.27,84671,100,465.0754,TRUE,Cpd 75: 2.270,,0.0014,465.0754,Negative,-2,-4,2.151,2.359,2990,0.097,0.07,10,3,,30,2,NZ_180521_s04.d,Find by Molecular Feature
441,413.9722,414.0595,17.113,83054,100,412.9649,TRUE,Cpd 441: 17.113,,,412.9649,Negative,-1,-1,16.955,17.247,13476,0.107,0.07,2,1,,191,2,NZ_180521_s04.d,Find by Molecular Feature
365,478.1755,478.4543,16.5,79782,100,477.1682,TRUE,Cpd 365: 16.500,,,477.1682,Negative,-1,-1,16.398,16.622,9197,0.104,0.06,3,1,,160,3,NZ_180521_s04.d,Find by Molecular Feature
10,503.938,504.0296,0.636,79406,99.3,502.9307,TRUE,Cpd 10: 0.636,,,502.9307,Negative,-1,-1,0.536,0.902,6868,0.201,0.06,2,1,,4,8,NZ_180521_s04.d,Find by Molecular Feature
144,1935.7317,1936.4808,5.735,78788,100,1934.7224,TRUE,Cpd 144: 5.735,,0.0024,1935.2219,Negative,-2,-3,5.673,5.798,1507,0.064,0.06,12,2,,67,3,NZ_180521_s04.d,Find by Molecular Feature
327,644.1603,644.4408,16.234,77824,100,643.153,TRUE,Cpd 327: 16.234,,,643.153,Negative,-1,-1,16.173,16.364,12444,0.085,0.06,3,1,,144,4,NZ_180521_s04.d,Find by Molecular Feature
90,2241.2565,2242.2958,2.921,77467,100,1119.621,TRUE,Cpd 90: 2.921,,,1119.621,Negative,-2,-2,2.834,3.084,5099,0.11,0.06,5,1,,37,5,NZ_180521_s04.d,Find by Molecular Feature
461,464.009,464.1308,17.33,77292,99.7,463.0017,TRUE,Cpd 461: 17.330,,,463.0017,Negative,-1,-1,17.164,17.48,8506,0.143,0.06,2,1,,199,4,NZ_180521_s04.d,Find by Molecular Feature
361,484.1623,484.4495,16.487,77079,100,483.155,TRUE,Cpd 361: 16.487,,,483.155,Negative,-1,-1,16.381,16.614,8145,0.118,0.06,3,1,,159,6,NZ_180521_s04.d,Find by Molecular Feature
411,385.9775,386.1178,16.906,74996,100,384.9702,TRUE,Cpd 411: 16.906,,,384.9702,Negative,-1,-1,16.814,17.03,14338,0.087,0.06,3,1,,182,1,NZ_180521_s04.d,Find by Molecular Feature
296,6801.0453,6805.7678,9.753,74559,80,970.5706,TRUE,Cpd 296: 9.753,,,971.2834,Negative,-7,-7,9.662,9.845,2918,0.079,0.06,10,1,,130,15,NZ_180521_s04.d,Find by Molecular Feature
354,517.9803,518.121,16.436,72909,69.6,516.973,TRUE,Cpd 354: 16.436,,,516.973,Negative,-1,-1,16.298,16.564,14975,0.089,0.06,3,1,,156,4,NZ_180521_s04.d,Find by Molecular Feature
175,4810.5988,4812.617,6.766,72671,100,1602.5258,TRUE,Cpd 175: 6.766,,0.0108,1603.1932,Negative,-3,-8,6.689,6.864,2563,0.08,0.06,15,3,,85,4,NZ_180521_s04.d,Find by Molecular Feature
64,925.1965,925.6146,1.789,71066,100,924.1894,TRUE,Cpd 64: 1.789,,0.0002,924.1894,Negative,-1,-2,1.718,1.885,5650,0.073,0.06,6,2,,26,2,NZ_180521_s04.d,Find by Molecular Feature
482,683.965,684.2203,17.541,69685,100,682.9577,TRUE,Cpd 482: 17.541,,,682.9577,Negative,-1,-1,17.43,17.655,8211,0.112,0.05,3,1,,208,3,NZ_180521_s04.d,Find by Molecular Feature
425,567.9768,568.0974,17.061,67275,100,566.9695,TRUE,Cpd 425: 17.061,,,566.9695,Negative,-1,-1,16.905,17.247,5372,0.175,0.05,2,1,,187,3,NZ_180521_s04.d,Find by Molecular Feature
70,1935.2335,1936.11,2.16,67265,100,966.6095,TRUE,Cpd 70: 2.160,,,966.6095,Negative,-2,-2,2.068,2.309,3749,0.124,0.05,4,1,,29,5,NZ_180521_s04.d,Find by Molecular Feature
295,6802.0217,6805.7311,9.752,66941,80,1132.663,TRUE,Cpd 295: 9.752,,,1133.3306,Negative,-6,-6,9.687,9.836,3106,0.077,0.05,8,1,,130,15,NZ_180521_s04.d,Find by Molecular Feature
405,563.9807,564.1776,16.81,66633,58.7,562.9734,TRUE,Cpd 405: 16.810,,,562.9734,Negative,-1,-1,16.672,16.905,7418,0.136,0.05,3,1,,178,1,NZ_180521_s04.d,Find by Molecular Feature
318,1156.9853,1157.2066,16.151,66328,84.4,1155.9781,TRUE,Cpd 318: 16.151,,,1155.9781,Negative,-1,-1,15.99,16.431,4981,0.184,0.05,2,1,,139,2,NZ_180521_s04.d,Find by Molecular Feature
442,369.9825,370.0692,17.117,66160,100,368.9753,TRUE,Cpd 442: 17.117,,,368.9753,Negative,-1,-1,16.939,17.255,13683,0.091,0.05,2,1,,192,4,NZ_180521_s04.d,Find by Molecular Feature
473,751.9528,752.091,17.506,65883,100,750.9455,TRUE,Cpd 473: 17.506,,,750.9455,Negative,-1,-1,17.447,17.605,12639,0.073,0.05,2,1,,205,1,NZ_180521_s04.d,Find by Molecular Feature
25,427.0269,427.1424,0.752,65329,100,426.0196,TRUE,Cpd 25: 0.752,,,426.0196,Negative,-1,-1,0.694,0.819,15038,0.064,0.05,2,1,,9,3,NZ_180521_s04.d,Find by Molecular Feature
490,597.9692,598.1145,17.605,64662,91.1,596.9619,TRUE,Cpd 490: 17.605,,,596.9619,Negative,-1,-1,17.38,17.713,6436,0.17,0.05,2,1,,211,1,NZ_180521_s04.d,Find by Molecular Feature
59,1608.2113,1609.2918,1.706,62500,80,535.0632,TRUE,Cpd 59: 1.706,,0.0008,535.3953,Negative,-2,-4,1.627,1.86,1832,0.113,0.05,11,3,,23,1,NZ_180521_s04.d,Find by Molecular Feature
328,484.1623,484.4208,16.236,62036,100,483.155,TRUE,Cpd 328: 16.236,,,483.155,Negative,-1,-1,16.173,16.331,9434,0.084,0.05,3,1,,144,4,NZ_180521_s04.d,Find by Molecular Feature
320,469.9786,470.0572,16.168,61619,54.1,468.9714,TRUE,Cpd 320: 16.168,,,468.9714,Negative,-1,-1,16.023,16.389,6047,0.182,0.05,2,1,,140,1,NZ_180521_s04.d,Find by Molecular Feature
362,610.3433,610.7314,16.488,61576,100,609.336,TRUE,Cpd 362: 16.488,,,609.336,Negative,-1,-1,16.431,16.597,8138,0.083,0.05,3,1,,159,6,NZ_180521_s04.d,Find by Molecular Feature
389,813.9682,814.0978,16.62,61425,100,812.9609,TRUE,Cpd 389: 16.620,,,812.9609,Negative,-1,-1,16.539,16.731,9277,0.091,0.05,2,1,,170,2,NZ_180521_s04.d,Find by Molecular Feature
334,390.0102,390.1033,16.268,61358,54,389.003,TRUE,Cpd 334: 16.268,,,389.003,Negative,-1,-1,16.189,16.439,8627,0.1,0.05,2,1,,146,2,NZ_180521_s04.d,Find by Molecular Feature
322,569.972,570.1098,16.189,61296,100,568.9647,TRUE,Cpd 322: 16.189,,,568.9647,Negative,-1,-1,16.015,16.398,5120,0.186,0.05,2,1,,141,2,NZ_180521_s04.d,Find by Molecular Feature
6,967.0048,967.3368,0.627,60625,67.6,965.9975,TRUE,Cpd 6: 0.627,,,965.9975,Negative,-1,-1,0.528,0.736,6545,0.117,0.05,3,1,,3,2,NZ_180521_s04.d,Find by Molecular Feature
102,2586.3023,2587.4402,3.539,60065,100,1292.1438,TRUE,Cpd 102: 3.539,,0.0014,1292.1438,Negative,-2,-4,3.45,3.65,4024,0.087,0.05,7,2,,42,5,NZ_180521_s04.d,Find by Molecular Feature
450,701.9556,702.0784,17.218,58054,100,700.9483,TRUE,Cpd 450: 17.218,,,700.9483,Negative,-1,-1,17.13,17.397,6130,0.143,0.05,2,1,,194,6,NZ_180521_s04.d,Find by Molecular Feature
398,595.9876,596.1007,16.724,57322,100,594.9803,TRUE,Cpd 398: 16.724,,,594.9803,Negative,-1,-1,16.631,16.814,8600,0.097,0.05,2,1,,174,3,NZ_180521_s04.d,Find by Molecular Feature
203,5695.7738,5698.2939,7.443,56398,77.3,631.8565,TRUE,Cpd 203: 7.443,,0.0009,632.0792,Negative,-8,-9,7.372,7.538,2155,0.08,0.04,12,2,,97,5,NZ_180521_s04.d,Find by Molecular Feature
177,694.2354,694.6526,6.81,55672,100,693.2281,TRUE,Cpd 177: 6.810,,,693.2281,Negative,-1,-1,6.689,6.939,4507,0.129,0.04,3,1,,86,1,NZ_180521_s04.d,Find by Molecular Feature
496,380.0064,380.3984,17.784,54603,55.3,378.9991,TRUE,Cpd 496: 17.784,,,378.9991,Negative,-1,-1,17.547,18.038,2882,0.267,0.04,3,1,,215,1,NZ_180521_s04.d,Find by Molecular Feature
136,3526.4165,3527.8075,5.319,52874,100,1762.1996,TRUE,Cpd 136: 5.319,,0.0112,1762.7017,Negative,-2,-6,5.257,5.415,2669,0.07,0.04,15,4,,63,4,NZ_180521_s04.d,Find by Molecular Feature
392,581.9915,582.1079,16.64,52683,100,580.9842,TRUE,Cpd 392: 16.640,,,580.9842,Negative,-1,-1,16.531,16.806,6149,0.136,0.04,2,1,,171,2,NZ_180521_s04.d,Find by Molecular Feature
55,1630.1934,1630.9186,1.456,52573,100,814.0894,TRUE,Cpd 55: 1.456,,0.002,814.0894,Negative,-1,-3,1.327,1.66,3122,0.153,0.04,6,3,,19,3,NZ_180521_s04.d,Find by Molecular Feature
84,1914.2408,1914.9375,2.421,51987,80,477.5521,TRUE,Cpd 84: 2.421,,0.0058,477.5521,Negative,-2,-4,2.318,2.593,1863,0.124,0.04,9,3,,35,1,NZ_180521_s04.d,Find by Molecular Feature
418,633.9685,634.0704,16.953,51287,100,632.9612,TRUE,Cpd 418: 16.953,,,632.9612,Negative,-1,-1,16.864,17.097,7249,0.106,0.04,2,1,,184,4,NZ_180521_s04.d,Find by Molecular Feature
451,528.9631,529.0763,17.218,51011,100,527.9558,TRUE,Cpd 451: 17.218,,,527.9558,Negative,-1,-1,17.13,17.405,6010,0.144,0.04,2,1,,194,6,NZ_180521_s04.d,Find by Molecular Feature
7,653.9278,654.1673,0.628,50431,97.8,652.9205,TRUE,Cpd 7: 0.628,,,652.9205,Negative,-1,-1,0.553,0.819,5037,0.167,0.04,3,1,,3,2,NZ_180521_s04.d,Find by Molecular Feature
185,5139.6473,5141.5703,7.185,49916,100,1712.2101,TRUE,Cpd 185: 7.185,,0.0135,1712.8778,Negative,-3,-8,7.114,7.272,1842,0.07,0.04,14,3,,90,3,NZ_180521_s04.d,Find by Molecular Feature
14,419.9198,420.0303,0.638,49716,100,418.9125,TRUE,Cpd 14: 0.638,,,418.9125,Negative,-1,-1,0.544,0.886,4640,0.192,0.04,2,1,,4,8,NZ_180521_s04.d,Find by Molecular Feature
391,413.9915,414.1108,16.637,49676,100,412.9842,TRUE,Cpd 391: 16.637,,,412.9842,Negative,-1,-1,16.497,16.747,6408,0.119,0.04,2,1,,171,2,NZ_180521_s04.d,Find by Molecular Feature
351,699.96,700.0716,16.429,47731,67.5,698.9527,TRUE,Cpd 351: 16.429,,,698.9527,Negative,-1,-1,16.381,16.522,8824,0.073,0.04,2,1,,156,4,NZ_180521_s04.d,Find by Molecular Feature
16,569.91,570.0206,0.643,45698,100,568.9028,TRUE,Cpd 16: 0.643,,,568.9028,Negative,-1,-1,0.469,0.894,3974,0.191,0.04,2,1,,5,1,NZ_180521_s04.d,Find by Molecular Feature
165,4770.586,4772.4736,6.422,45309,81.8,595.3157,TRUE,Cpd 165: 6.422,,0.0041,595.4415,Negative,-7,-8,6.356,6.506,1904,0.072,0.04,10,2,,82,1,NZ_180521_s04.d,Find by Molecular Feature
426,569.9723,570.0743,17.066,44667,100,568.965,TRUE,Cpd 426: 17.066,,,568.965,Negative,-1,-1,16.98,17.197,8530,0.084,0.04,2,1,,188,8,NZ_180521_s04.d,Find by Molecular Feature
348,352.1893,352.561,16.396,44525,87.5,351.1821,TRUE,Cpd 348: 16.396,,,351.1821,Negative,-1,-1,16.323,16.614,4720,0.153,0.03,3,1,,154,1,NZ_180521_s04.d,Find by Molecular Feature
8,587.9567,588.0587,0.632,43466,70.7,586.9495,TRUE,Cpd 8: 0.632,,,586.9495,Negative,-1,-1,0.436,0.852,3830,0.207,0.03,2,1,,4,8,NZ_180521_s04.d,Find by Molecular Feature
212,5468.6916,5471.2041,7.493,43202,80,1821.8898,TRUE,Cpd 212: 7.493,,0.0009,1822.5584,Negative,-3,-8,7.438,7.647,1606,0.068,0.03,14,2,,99,6,NZ_180521_s04.d,Find by Molecular Feature
499,470.2222,470.4097,17.836,42793,100,469.2149,TRUE,Cpd 499: 17.836,,,469.2149,Negative,-1,-1,17.705,17.988,4053,0.142,0.03,2,1,,217,2,NZ_180521_s04.d,Find by Molecular Feature
332,462.1806,462.3689,16.249,42430,100,461.1733,TRUE,Cpd 332: 16.249,,,461.1733,Negative,-1,-1,16.181,16.389,5956,0.103,0.03,2,1,,145,3,NZ_180521_s04.d,Find by Molecular Feature
128,3220.3905,3221.8275,4.862,41922,100,1609.188,TRUE,Cpd 128: 4.862,,,1609.6899,Negative,-2,-2,4.782,5.016,1988,0.125,0.03,5,1,,58,3,NZ_180521_s04.d,Find by Molecular Feature
500,572.151,572.3404,17.846,41042,55,571.1438,TRUE,Cpd 500: 17.846,,,571.1438,Negative,-1,-1,17.588,18.021,3804,0.167,0.03,2,1,,218,2,NZ_180521_s04.d,Find by Molecular Feature
356,644.1606,644.4634,16.465,40981,100,643.1534,TRUE,Cpd 356: 16.465,,,643.1534,Negative,-1,-1,16.398,16.564,7954,0.069,0.03,3,1,,158,1,NZ_180521_s04.d,Find by Molecular Feature
314,367.9896,368.1012,15.978,40394,53.3,366.9823,TRUE,Cpd 314: 15.978,,,366.9823,Negative,-1,-1,15.806,16.164,3194,0.213,0.03,2,1,,136,1,NZ_180521_s04.d,Find by Molecular Feature
52,596.1451,596.4617,1.301,40254,100,595.1379,TRUE,Cpd 52: 1.301,,,595.1379,Negative,-1,-1,1.235,1.402,6457,0.08,0.03,3,1,,18,1,NZ_180521_s04.d,Find by Molecular Feature
34,528.9746,529.0931,0.882,40250,100,527.9673,TRUE,Cpd 34: 0.882,,,527.9673,Negative,-1,-1,0.827,1.011,7783,0.083,0.03,2,1,,11,4,NZ_180521_s04.d,Find by Molecular Feature
339,412.9746,413.082,16.337,40216,67.2,411.9674,TRUE,Cpd 339: 16.337,,,411.9674,Negative,-1,-1,16.239,16.514,3404,0.17,0.03,2,1,,150,1,NZ_180521_s04.d,Find by Molecular Feature
390,445.9808,446.1001,16.626,40121,53.5,444.9735,TRUE,Cpd 390: 16.626,,,444.9735,Negative,-1,-1,16.456,16.756,3820,0.159,0.03,2,1,,170,2,NZ_180521_s04.d,Find by Molecular Feature
492,545.9908,546.1375,17.751,40044,69.3,544.9835,TRUE,Cpd 492: 17.751,,,544.9835,Negative,-1,-1,17.597,17.98,3723,0.208,0.03,2,1,,213,2,NZ_180521_s04.d,Find by Molecular Feature
472,443.0599,443.3551,17.472,39750,100,442.0526,TRUE,Cpd 472: 17.472,,,442.0526,Negative,-1,-1,17.413,17.572,7220,0.073,0.03,3,1,,204,1,NZ_180521_s04.d,Find by Molecular Feature
333,394.0222,394.1496,16.267,39732,84.1,393.0149,TRUE,Cpd 333: 16.267,,,393.0149,Negative,-1,-1,16.039,16.522,2949,0.238,0.03,2,1,,146,2,NZ_180521_s04.d,Find by Molecular Feature
337,663.9578,664.0805,16.302,39710,100,662.9506,TRUE,Cpd 337: 16.302,,,662.9506,Negative,-1,-1,16.223,16.439,5384,0.118,0.03,2,1,,148,2,NZ_180521_s04.d,Find by Molecular Feature
509,1088.9997,1089.1739,20.872,39498,51.7,1087.9925,TRUE,Cpd 509: 20.872,,,1087.9925,Negative,-1,-1,20.711,21.06,2602,0.22,0.03,2,1,,223,1,NZ_180521_s04.d,Find by Molecular Feature
20,354.0022,354.9616,0.672,39386,100,352.9949,TRUE,Cpd 20: 0.672,,,352.9949,Negative,-1,-1,0.619,0.802,5307,0.072,0.03,4,1,,7,3,NZ_180521_s04.d,Find by Molecular Feature
394,381.9823,382.0556,16.697,38850,97.2,380.975,TRUE,Cpd 394: 16.697,,,380.975,Negative,-1,-1,16.631,16.764,8893,0.064,0.03,2,1,,173,3,NZ_180521_s04.d,Find by Molecular Feature
171,4505.5496,4507.1909,6.511,38773,98.9,1500.8426,TRUE,Cpd 171: 6.511,,0.0002,1501.1794,Negative,-3,-7,6.439,6.614,1574,0.091,0.03,8,2,,83,6,NZ_180521_s04.d,Find by Molecular Feature
446,519.9753,520.0962,17.189,38750,99.3,518.9681,TRUE,Cpd 446: 17.189,,,518.9681,Negative,-1,-1,17.08,17.397,3680,0.178,0.03,2,1,,193,2,NZ_180521_s04.d,Find by Molecular Feature
45,1324.1679,1324.7886,1.006,38691,100,661.0768,TRUE,Cpd 45: 1.006,,0.0007,661.0768,Negative,-1,-2,0.961,1.094,3522,0.063,0.03,6,2,,15,6,NZ_180521_s04.d,Find by Molecular Feature
455,438.2174,438.4334,17.251,38559,100,437.2101,TRUE,Cpd 455: 17.251,,,437.2101,Negative,-1,-1,17.105,17.455,2830,0.19,0.03,2,1,,196,1,NZ_180521_s04.d,Find by Molecular Feature
222,2032.4233,2033.3818,7.622,37938,100,1015.2044,TRUE,Cpd 222: 7.622,,,1015.2044,Negative,-2,-2,7.555,7.697,3374,0.075,0.03,4,1,,103,8,NZ_180521_s04.d,Find by Molecular Feature
286,6476.9944,6478.8674,9.72,36830,96.1,924.2774,TRUE,Cpd 286: 9.720,,0.0108,924.4178,Negative,-4,-7,9.662,9.778,801,0.061,0.03,19,4,,127,3,NZ_180521_s04.d,Find by Molecular Feature
91,2546.311,2547.2816,3.081,36472,100,508.2555,TRUE,Cpd 91: 3.081,,0.0059,508.4548,Negative,-2,-5,3.026,3.15,2163,0.062,0.03,11,4,,38,1,NZ_180521_s04.d,Find by Molecular Feature
120,2915.3513,2916.5063,4.421,36392,100,1456.6684,TRUE,Cpd 120: 4.421,,,1457.1704,Negative,-2,-2,4.333,4.524,2085,0.096,0.03,4,1,,53,4,NZ_180521_s04.d,Find by Molecular Feature
76,2201.264,2202.0967,2.285,36278,100,549.3086,TRUE,Cpd 76: 2.285,,0.0032,549.3086,Negative,-2,-5,2.234,2.351,2263,0.057,0.03,12,4,,31,1,NZ_180521_s04.d,Find by Molecular Feature
436,597.9679,599.3318,17.092,35648,80,596.9607,TRUE,Cpd 436: 17.092,,,598.9763,Negative,-1,-1,16.972,17.205,3570,0.106,0.03,4,1,,189,3,NZ_180521_s04.d,Find by Molecular Feature
467,483.9786,484.0621,17.45,35410,77.6,482.9713,TRUE,Cpd 467: 17.450,,,482.9713,Negative,-1,-1,17.388,17.63,5572,0.141,0.03,2,1,,202,2,NZ_180521_s04.d,Find by Molecular Feature
360,588.3615,588.7519,16.486,35327,100,587.3542,TRUE,Cpd 360: 16.486,,,587.3542,Negative,-1,-1,16.431,16.572,6021,0.068,0.03,3,1,,159,6,NZ_180521_s04.d,Find by Molecular Feature
89,2263.238,2264.2833,2.921,35055,100,1130.6117,TRUE,Cpd 89: 2.921,,,1130.6117,Negative,-2,-2,2.834,3.05,2181,0.102,0.03,4,1,,37,5,NZ_180521_s04.d,Find by Molecular Feature
382,633.9674,634.081,16.597,35017,100,632.9601,TRUE,Cpd 382: 16.597,,,632.9601,Negative,-1,-1,16.514,16.747,4285,0.12,0.03,2,1,,167,9,NZ_180521_s04.d,Find by Molecular Feature
409,483.9948,484.1006,16.858,34427,67.5,482.9875,TRUE,Cpd 409: 16.858,,,482.9875,Negative,-1,-1,16.706,16.964,3231,0.156,0.03,2,1,,180,2,NZ_180521_s04.d,Find by Molecular Feature
406,375.9751,376.0863,16.827,34035,76.6,374.9678,TRUE,Cpd 406: 16.827,,,374.9678,Negative,-1,-1,16.672,16.989,3813,0.14,0.03,2,1,,179,2,NZ_180521_s04.d,Find by Molecular Feature
416,449.9731,450.0528,16.952,33601,100,448.9659,TRUE,Cpd 416: 16.952,,0.0001,448.9659,Negative,-1,-1,16.864,17.064,4069,0.098,0.03,3,1,,184,4,NZ_180521_s04.d,Find by Molecular Feature
253,6353.8797,6355.4708,8.022,33554,77.9,704.979,TRUE,Cpd 253: 8.022,,0.0059,705.2024,Negative,-9,-10,7.971,8.113,1671,0.072,0.03,8,2,,112,2,NZ_180521_s04.d,Find by Molecular Feature
457,663.978,664.1337,17.298,33024,100,662.9707,TRUE,Cpd 457: 17.298,,,662.9707,Negative,-1,-1,17.155,17.438,3074,0.154,0.03,2,1,,198,3,NZ_180521_s04.d,Find by Molecular Feature
23,668.0955,668.4428,0.734,32710,100,667.0882,TRUE,Cpd 23: 0.734,,,667.0882,Negative,-1,-1,0.686,0.861,5330,0.085,0.03,3,1,,8,4,NZ_180521_s04.d,Find by Molecular Feature
460,653.9925,654.107,17.327,32117,100,652.9853,TRUE,Cpd 460: 17.327,,,652.9853,Negative,-1,-1,17.222,17.397,4729,0.1,0.03,2,1,,199,4,NZ_180521_s04.d,Find by Molecular Feature
49,1590.2005,1590.7057,1.031,31493,92.4,529.0597,TRUE,Cpd 49: 1.031,,0.002,529.0597,Negative,-2,-4,0.986,1.102,2473,0.071,0.02,7,3,,16,4,NZ_180521_s04.d,Find by Molecular Feature
73,1957.2167,1958.1318,2.163,31351,80,977.6011,TRUE,Cpd 73: 2.163,,,977.6011,Negative,-2,-2,2.076,2.293,2014,0.115,0.02,4,1,,29,5,NZ_180521_s04.d,Find by Molecular Feature
30,995.1176,995.4992,0.845,30786,100,994.1102,TRUE,Cpd 30: 0.845,,0.0008,994.1102,Negative,-1,-2,0.794,0.927,4404,0.068,0.02,5,2,,10,4,NZ_180521_s04.d,Find by Molecular Feature
131,3486.4195,3487.7309,4.875,30745,83.9,580.0623,TRUE,Cpd 131: 4.875,,0.0126,580.231,Negative,-5,-7,4.824,4.949,2053,0.068,0.02,9,3,,59,1,NZ_180521_s04.d,Find by Molecular Feature
58,1895.2403,1895.9906,1.558,30502,100,472.8029,TRUE,Cpd 58: 1.558,,0.0012,472.8029,Negative,-2,-4,1.468,1.652,1655,0.09,0.02,8,3,,22,1,NZ_180521_s04.d,Find by Molecular Feature
39,997.1468,997.6971,0.966,29700,99.6,497.5664,TRUE,Cpd 39: 0.966,,0.0018,497.5664,Negative,-1,-2,0.902,1.052,2531,0.074,0.02,5,2,,13,3,NZ_180521_s04.d,Find by Molecular Feature
453,633.9681,634.0824,17.22,29674,100,632.9609,TRUE,Cpd 453: 17.220,,,632.9609,Negative,-1,-1,17.13,17.397,3352,0.148,0.02,2,1,,194,6,NZ_180521_s04.d,Find by Molecular Feature
417,563.9712,564.0673,16.952,29572,55,562.9639,TRUE,Cpd 417: 16.952,,,562.9639,Negative,-1,-1,16.914,17.08,5204,0.098,0.02,2,1,,184,4,NZ_180521_s04.d,Find by Molecular Feature
415,685.9603,686.0811,16.948,29457,100,684.953,TRUE,Cpd 415: 16.948,,,684.953,Negative,-1,-1,16.872,17.047,4523,0.096,0.02,2,1,,184,4,NZ_180521_s04.d,Find by Molecular Feature
458,388.0308,388.1476,17.301,29311,100,387.0236,TRUE,Cpd 458: 17.301,,,387.0236,Negative,-1,-1,17.23,17.397,5075,0.084,0.02,2,1,,198,3,NZ_180521_s04.d,Find by Molecular Feature
156,4465.5479,4467.3158,6.179,29306,95.8,636.9282,TRUE,Cpd 156: 6.179,,0.0009,637.2156,Negative,-7,-8,6.131,6.248,1323,0.064,0.02,10,2,,76,1,NZ_180521_s04.d,Find by Molecular Feature
400,482.2221,482.4406,16.758,28856,100,481.2148,TRUE,Cpd 400: 16.758,,,481.2148,Negative,-1,-1,16.614,16.889,2884,0.145,0.02,2,1,,175,2,NZ_180521_s04.d,Find by Molecular Feature
301,6822.9752,6826.2728,9.756,28851,71.7,681.2902,TRUE,Cpd 301: 9.756,,,681.4896,Negative,-10,-10,9.603,9.87,901,0.091,0.02,7,1,,130,15,NZ_180521_s04.d,Find by Molecular Feature
239,5912.7402,5916.3196,7.744,28812,80,655.9639,TRUE,Cpd 239: 7.744,,,656.4148,Negative,-9,-9,7.688,7.821,1089,0.071,0.02,9,1,,106,13,NZ_180521_s04.d,Find by Molecular Feature
3,956.9757,957.5976,0.601,28583,65.1,955.9684,TRUE,Cpd 3: 0.601,,,955.9684,Negative,-1,-1,0.403,0.761,2965,0.116,0.02,3,1,,1,4,NZ_180521_s04.d,Find by Molecular Feature
252,6355.8719,6357.6788,8.019,28320,65.8,634.5795,TRUE,Cpd 252: 8.019,,0.013,634.6804,Negative,-8,-10,7.863,8.105,1795,0.075,0.02,10,2,,112,2,NZ_180521_s04.d,Find by Molecular Feature
338,372.15,372.3361,16.314,28048,100,371.1427,TRUE,Cpd 338: 16.314,,,371.1427,Negative,-1,-1,16.164,16.456,2471,0.155,0.02,2,1,,149,1,NZ_180521_s04.d,Find by Molecular Feature
379,565.9616,566.1102,16.595,28022,100,564.9543,TRUE,Cpd 379: 16.595,,,564.9543,Negative,-1,-1,16.514,16.739,3093,0.133,0.02,2,1,,167,9,NZ_180521_s04.d,Find by Molecular Feature
48,958.1277,958.3881,1.029,28010,100,478.0568,TRUE,Cpd 48: 1.029,,0.0014,478.0568,Negative,-1,-2,0.911,1.119,2889,0.103,0.02,4,2,,16,4,NZ_180521_s04.d,Find by Molecular Feature
495,531.0884,531.3017,17.771,27789,69.5,530.0812,TRUE,Cpd 495: 17.771,,,530.0812,Negative,-1,-1,17.646,17.938,2187,0.18,0.02,2,1,,214,2,NZ_180521_s04.d,Find by Molecular Feature
2,521.9055,522.4396,0.601,27632,79.5,520.8982,TRUE,Cpd 2: 0.601,,,520.8982,Negative,-1,-1,0.528,0.727,3435,0.109,0.02,3,1,,1,4,NZ_180521_s04.d,Find by Molecular Feature
101,2608.2816,2609.3814,3.539,27528,100,1303.1335,TRUE,Cpd 101: 3.539,,,1303.6345,Negative,-2,-2,3.467,3.633,1820,0.082,0.02,4,1,,42,5,NZ_180521_s04.d,Find by Molecular Feature
300,6825.0241,6827.5936,9.755,27524,80,1705.2488,TRUE,Cpd 300: 9.755,,,1705.7464,Negative,-4,-4,9.687,9.836,1242,0.082,0.02,6,1,,130,15,NZ_180521_s04.d,Find by Molecular Feature
92,1110.1351,1110.375,3.099,27346,70.4,554.0602,TRUE,Cpd 92: 3.099,,0.0001,554.0602,Negative,-2,-2,3.034,3.217,1842,0.095,0.02,4,1,,39,1,NZ_180521_s04.d,Find by Molecular Feature
199,1703.3714,1704.2116,7.354,27307,100,850.6786,TRUE,Cpd 199: 7.354,,0.0026,850.6786,Negative,-1,-2,7.289,7.438,2271,0.077,0.02,5,2,,95,3,NZ_180521_s04.d,Find by Molecular Feature
469,599.9663,600.4308,17.461,27163,100,598.9591,TRUE,Cpd 469: 17.461,,,598.9591,Negative,-1,-1,17.397,17.605,4401,0.101,0.02,3,1,,203,4,NZ_180521_s04.d,Find by Molecular Feature
200,4496.5985,4498.4843,7.395,26974,99.8,748.4258,TRUE,Cpd 200: 7.395,,,748.7619,Negative,-6,-6,7.33,7.463,1628,0.072,0.02,5,1,,96,1,NZ_180521_s04.d,Find by Molecular Feature
433,601.994,602.1412,17.069,26811,74.2,600.9868,TRUE,Cpd 433: 17.069,,,600.9868,Negative,-1,-1,16.905,17.155,2934,0.157,0.02,2,1,,188,8,NZ_180521_s04.d,Find by Molecular Feature
349,399.2373,399.524,16.404,26013,100,398.23,TRUE,Cpd 349: 16.404,,,398.23,Negative,-1,-1,16.239,16.547,2197,0.16,0.02,2,1,,155,2,NZ_180521_s04.d,Find by Molecular Feature
190,5428.7204,5430.6597,7.276,25789,73.8,602.1864,TRUE,Cpd 190: 7.276,,0.0277,602.4048,Negative,-8,-9,7.23,7.339,1384,0.06,0.02,10,2,,92,1,NZ_180521_s04.d,Find by Molecular Feature
335,572.1505,572.3496,16.286,25363,52.8,571.1432,TRUE,Cpd 335: 16.286,,,571.1432,Negative,-1,-1,16.089,16.414,2122,0.184,0.02,2,1,,147,1,NZ_180521_s04.d,Find by Molecular Feature
53,1652.1765,1652.776,1.452,24832,100,825.081,TRUE,Cpd 53: 1.452,,,825.081,Negative,-2,-2,1.344,1.577,1722,0.132,0.02,3,1,,19,3,NZ_180521_s04.d,Find by Molecular Feature
421,533.9756,534.082,16.991,24798,100,532.9683,TRUE,Cpd 421: 16.991,,,532.9683,Negative,-1,-1,16.872,17.155,3426,0.126,0.02,2,1,,186,2,NZ_180521_s04.d,Find by Molecular Feature
118,3180.4033,3181.6786,4.366,24410,95.6,529.0602,TRUE,Cpd 118: 4.366,,0.0035,529.0602,Negative,-5,-6,4.316,4.449,1179,0.07,0.02,8,2,,52,1,NZ_180521_s04.d,Find by Molecular Feature
139,3831.4656,3832.4606,5.357,24312,88.1,637.5708,TRUE,Cpd 139: 5.357,,0.0083,637.7368,Negative,-6,-7,5.307,5.424,1337,0.072,0.02,6,2,,64,1,NZ_180521_s04.d,Find by Molecular Feature
297,6823.9778,6828.2212,9.754,24310,73.5,757.2125,TRUE,Cpd 297: 9.754,,,757.5506,Negative,-9,-9,9.687,9.895,1222,0.07,0.02,10,1,,130,15,NZ_180521_s04.d,Find by Molecular Feature
497,456.1347,456.4606,17.804,24283,100,455.1274,TRUE,Cpd 497: 17.804,,,455.1274,Negative,-1,-1,17.705,17.905,3209,0.1,0.02,3,1,,216,1,NZ_180521_s04.d,Find by Molecular Feature
293,6669.9881,6673.0657,9.752,23760,80,665.9915,TRUE,Cpd 293: 9.752,,,666.292,Negative,-10,-10,9.612,9.82,1268,0.075,0.02,7,1,,130,15,NZ_180521_s04.d,Find by Molecular Feature
78,1609.1982,1609.7768,2.388,23621,100,535.3924,TRUE,Cpd 78: 2.388,,0.0023,535.3924,Negative,-2,-3,2.309,2.476,1780,0.086,0.02,5,2,,32,2,NZ_180521_s04.d,Find by Molecular Feature
107,2588.3273,2589.0973,3.891,23172,51.1,516.6581,TRUE,Cpd 107: 3.891,,0.0004,516.6581,Negative,-2,-5,3.8,4.025,1003,0.103,0.02,8,3,,46,1,NZ_180521_s04.d,Find by Molecular Feature
393,1455.9046,1456.0274,16.679,23134,79.8,362.9689,TRUE,Cpd 393: 16.679,,,362.9689,Negative,-4,-4,16.556,16.839,2800,0.149,0.02,2,1,,172,1,NZ_180521_s04.d,Find by Molecular Feature
275,5191.8271,5193.2545,9.238,22674,92.1,864.2965,TRUE,Cpd 275: 9.238,,0.0076,864.4648,Negative,-5,-6,9.162,9.329,1302,0.065,0.02,9,2,,123,4,NZ_180521_s04.d,Find by Molecular Feature
384,757.9575,758.6495,16.603,22364,80,756.9502,TRUE,Cpd 384: 16.603,,,756.9502,Negative,-1,-1,16.522,16.739,2532,0.116,0.02,3,1,,168,1,NZ_180521_s04.d,Find by Molecular Feature
191,2337.4607,2338.5098,7.298,22240,100,1167.7231,TRUE,Cpd 191: 7.298,,,1167.7231,Negative,-2,-2,7.239,7.372,1996,0.071,0.02,4,1,,93,5,NZ_180521_s04.d,Find by Molecular Feature
431,529.9813,530.3375,17.068,22085,97.1,528.974,TRUE,Cpd 431: 17.068,,,528.974,Negative,-1,-1,16.989,17.155,3429,0.09,0.02,3,1,,188,8,NZ_180521_s04.d,Find by Molecular Feature
11,693.9201,694.0572,0.637,21879,99.6,692.9129,TRUE,Cpd 11: 0.637,,,692.9129,Negative,-1,-1,0.553,0.844,2263,0.171,0.02,2,1,,4,8,NZ_180521_s04.d,Find by Molecular Feature
350,368.1813,368.5615,16.406,21735,99.4,367.1741,TRUE,Cpd 350: 16.406,,,367.1741,Negative,-1,-1,16.331,16.531,2765,0.102,0.02,3,1,,155,2,NZ_180521_s04.d,Find by Molecular Feature
114,2587.3479,2588.243,4.09,21675,51.6,645.8299,TRUE,Cpd 114: 4.090,,0.0014,646.0795,Negative,-2,-5,3.966,4.216,880,0.098,0.02,9,3,,50,1,NZ_180521_s04.d,Find by Molecular Feature
174,4832.5748,4834.6224,6.766,21401,80,1609.851,TRUE,Cpd 174: 6.766,,,1610.5203,Negative,-3,-3,6.706,6.831,1238,0.075,0.02,6,1,,85,4,NZ_180521_s04.d,Find by Molecular Feature
277,5212.8175,5215.1038,9.239,20955,80,1736.5986,TRUE,Cpd 277: 9.239,,,1737.2679,Negative,-3,-3,9.187,9.312,1283,0.072,0.02,6,1,,123,4,NZ_180521_s04.d,Find by Molecular Feature
269,4601.7659,4603.8441,9.112,20617,96.3,1532.9147,TRUE,Cpd 269: 9.112,,,1533.247,Negative,-3,-3,9.062,9.179,1244,0.067,0.02,6,1,,120,3,NZ_180521_s04.d,Find by Molecular Feature
508,1944.6292,1945.6117,20.748,20598,91.1,971.3073,TRUE,Cpd 508: 20.748,,,971.3073,Negative,-2,-2,20.694,20.835,2040,0.08,0.02,4,1,,222,3,NZ_180521_s04.d,Find by Molecular Feature
95,2215.3625,2216.3455,3.473,20572,100,1106.674,TRUE,Cpd 95: 3.473,,,1106.674,Negative,-2,-2,3.417,3.55,1822,0.072,0.02,4,1,,40,4,NZ_180521_s04.d,Find by Molecular Feature
15,759.8921,760.0407,0.639,20529,87.1,758.8848,TRUE,Cpd 15: 0.639,,,758.8848,Negative,-1,-1,0.553,0.869,2017,0.195,0.02,2,1,,4,8,NZ_180521_s04.d,Find by Molecular Feature
43,1346.151,1346.7485,1.005,20235,100,672.0686,TRUE,Cpd 43: 1.005,,0.0033,672.0686,Negative,-1,-2,0.969,1.085,2250,0.055,0.02,5,2,,15,6,NZ_180521_s04.d,Find by Molecular Feature
483,443.9827,444.1152,17.569,19675,100,442.9755,TRUE,Cpd 483: 17.569,,,442.9755,Negative,-1,-1,17.497,17.73,3506,0.104,0.02,2,1,,209,4,NZ_180521_s04.d,Find by Molecular Feature
374,781.9432,782.1075,16.587,19291,100,780.9359,TRUE,Cpd 374: 16.587,,,780.9359,Negative,-1,-1,16.531,16.681,3089,0.082,0.02,2,1,,166,1,NZ_180521_s04.d,Find by Molecular Feature
414,613.9767,614.1532,16.93,19173,91.9,612.9695,TRUE,Cpd 414: 16.930,,,612.9695,Negative,-1,-1,16.822,17.022,2713,0.11,0.02,2,1,,183,3,NZ_180521_s04.d,Find by Molecular Feature
308,5826.9178,5828.4069,9.793,19160,89.7,1164.3774,TRUE,Cpd 308: 9.793,,0.0071,1164.5764,Negative,-4,-5,9.745,9.853,1009,0.057,0.02,8,2,,132,1,NZ_180521_s04.d,Find by Molecular Feature
130,3242.3716,3243.7044,4.867,19079,97.9,1620.1785,TRUE,Cpd 130: 4.867,,,1620.6799,Negative,-2,-2,4.791,4.966,1011,0.103,0.01,4,1,,58,3,NZ_180521_s04.d,Find by Molecular Feature
159,4200.516,4202.0963,6.262,18928,83.5,1399.1667,TRUE,Cpd 159: 6.262,,0.0236,1399.497,Negative,-3,-6,6.214,6.323,1256,0.057,0.01,8,2,,78,2,NZ_180521_s04.d,Find by Molecular Feature
32,550.9563,551.0887,0.879,18591,100,549.949,TRUE,Cpd 32: 0.879,,,549.949,Negative,-1,-1,0.836,0.969,3877,0.074,0.01,2,1,,11,4,NZ_180521_s04.d,Find by Molecular Feature
182,5099.6289,5102.0216,6.899,18463,72.7,636.4463,TRUE,Cpd 182: 6.899,,,636.6965,Negative,-8,-8,6.856,6.964,1212,0.068,0.01,6,1,,88,1,NZ_180521_s04.d,Find by Molecular Feature
37,1284.1758,1284.6872,0.959,18449,100,427.0511,TRUE,Cpd 37: 0.959,,0.0015,427.0511,Negative,-2,-3,0.919,1.019,1554,0.061,0.01,5,2,,13,3,NZ_180521_s04.d,Find by Molecular Feature
272,4907.7861,4910.085,9.138,18236,80,1634.9214,TRUE,Cpd 272: 9.138,,,1635.5897,Negative,-3,-3,9.087,9.212,1138,0.07,0.01,6,1,,121,3,NZ_180521_s04.d,Find by Molecular Feature
51,1302.1871,1302.3251,1.198,18173,74.7,433.0555,TRUE,Cpd 51: 1.198,,0.0038,433.0555,Negative,-2,-3,1.11,1.294,1347,0.105,0.01,3,2,,17,1,NZ_180521_s04.d,Find by Molecular Feature
18,534.9831,535.2304,0.669,18016,100,533.9758,TRUE,Cpd 18: 0.669,,,533.9758,Negative,-1,-1,0.594,0.769,3101,0.079,0.01,2,1,,7,3,NZ_180521_s04.d,Find by Molecular Feature
189,1045.2664,1045.8025,7.221,17920,100,1044.2591,TRUE,Cpd 189: 7.221,,,1044.2591,Negative,-1,-1,7.155,7.297,2091,0.08,0.01,3,1,,91,3,NZ_180521_s04.d,Find by Molecular Feature
110,2560.4036,2561.575,3.997,17920,79.9,1279.1945,TRUE,Cpd 110: 3.997,,,1279.6965,Negative,-2,-2,3.941,4.091,1186,0.089,0.01,4,1,,48,4,NZ_180521_s04.d,Find by Molecular Feature
366,394.1051,394.3955,16.518,17535,100,393.0978,TRUE,Cpd 366: 16.518,,,393.0978,Negative,-1,-1,16.431,16.614,1837,0.11,0.01,2,1,,161,2,NZ_180521_s04.d,Find by Molecular Feature
407,617.9732,618.1188,16.835,17438,68.3,616.9659,TRUE,Cpd 407: 16.835,,,616.9659,Negative,-1,-1,16.747,17.014,2281,0.163,0.01,2,1,,179,2,NZ_180521_s04.d,Find by Molecular Feature
404,579.9753,580.1224,16.804,17321,83,578.968,TRUE,Cpd 404: 16.804,,,578.968,Negative,-1,-1,16.656,16.947,2034,0.147,0.01,2,1,,177,2,NZ_180521_s04.d,Find by Molecular Feature
219,6024.851,6025.3234,7.596,17261,69.6,1203.9616,TRUE,Cpd 219: 7.596,,0.0085,1204.3667,Negative,-4,-5,7.522,7.647,1398,0.076,0.01,4,2,,101,2,NZ_180521_s04.d,Find by Molecular Feature
501,354.2051,354.404,17.852,17119,55.1,353.1978,TRUE,Cpd 501: 17.852,,,353.1978,Negative,-1,-1,17.713,17.988,1638,0.157,0.01,2,1,,218,2,NZ_180521_s04.d,Find by Molecular Feature
215,5091.711,5093.7244,7.524,17071,80,1696.2297,TRUE,Cpd 215: 7.524,,,1696.8949,Negative,-3,-3,7.472,7.588,1265,0.064,0.01,5,1,,100,5,NZ_180521_s04.d,Find by Molecular Feature
242,6061.916,6066.0597,7.746,16970,65.8,672.5389,TRUE,Cpd 242: 7.746,,,672.5389,Negative,-9,-9,7.688,7.846,506,0.061,0.01,9,1,,106,13,NZ_180521_s04.d,Find by Molecular Feature
419,512.9682,513.1627,16.957,16761,100,511.961,TRUE,Cpd 419: 16.957,,,511.961,Negative,-1,-1,16.88,17.047,2518,0.096,0.01,2,1,,185,2,NZ_180521_s04.d,Find by Molecular Feature
227,2054.4052,2055.4088,7.626,16742,100,1026.1953,TRUE,Cpd 227: 7.626,,,1026.1953,Negative,-2,-2,7.572,7.697,1632,0.069,0.01,4,1,,103,8,NZ_180521_s04.d,Find by Molecular Feature
341,4416.1801,4418.6084,16.348,16721,79.9,1471.0528,TRUE,Cpd 341: 16.348,,,1471.7184,Negative,-3,-3,16.298,16.423,1167,0.065,0.01,6,1,,151,3,NZ_180521_s04.d,Find by Molecular Feature
60,1264.1486,1264.5019,1.751,16716,79.3,420.3758,TRUE,Cpd 60: 1.751,,0.0016,420.3758,Negative,-1,-3,1.702,1.818,2074,0.063,0.01,5,3,,24,1,NZ_180521_s04.d,Find by Molecular Feature
323,412.975,413.0778,16.199,16712,52,411.9677,TRUE,Cpd 323: 16.199,,,411.9677,Negative,-1,-1,16.131,16.256,4267,0.069,0.01,2,1,,142,2,NZ_180521_s04.d,Find by Molecular Feature
123,2549.3063,2550.0092,4.476,16620,85.7,508.8541,TRUE,Cpd 123: 4.476,,0.0095,508.8541,Negative,-2,-5,4.416,4.533,1496,0.057,0.01,7,3,,54,1,NZ_180521_s04.d,Find by Molecular Feature
87,2285.2197,2286.0436,2.919,16573,100,1141.6026,TRUE,Cpd 87: 2.919,,,1141.6026,Negative,-2,-2,2.851,3.001,1298,0.083,0.01,3,1,,37,5,NZ_180521_s04.d,Find by Molecular Feature
399,462.1808,462.3629,16.728,16537,100,461.1735,TRUE,Cpd 399: 16.728,,,461.1735,Negative,-1,-1,16.681,16.814,3567,0.068,0.01,2,1,,174,3,NZ_180521_s04.d,Find by Molecular Feature
108,2875.3635,2876.4218,3.932,16453,99.4,574.0654,TRUE,Cpd 108: 3.932,,0.0005,574.2647,Negative,-2,-5,3.891,4.008,1769,0.061,0.01,6,2,,47,1,NZ_180521_s04.d,Find by Molecular Feature
357,660.1544,660.378,16.482,16444,100,659.1471,TRUE,Cpd 357: 16.482,,,659.1471,Negative,-1,-1,16.414,16.564,2788,0.079,0.01,2,1,,159,6,NZ_180521_s04.d,Find by Molecular Feature
104,2242.2992,2242.993,3.638,16365,94.1,559.5676,TRUE,Cpd 104: 3.638,,0.0012,559.5676,Negative,-2,-4,3.592,3.708,1103,0.074,0.01,5,2,,43,1,NZ_180521_s04.d,Find by Molecular Feature
137,3548.397,3549.7489,5.319,16286,100,1773.1912,TRUE,Cpd 137: 5.319,,,1773.6912,Negative,-2,-2,5.274,5.39,1189,0.068,0.01,4,1,,63,4,NZ_180521_s04.d,Find by Molecular Feature
331,478.1757,478.3995,16.249,16285,100,477.1684,TRUE,Cpd 331: 16.249,,,477.1684,Negative,-1,-1,16.189,16.389,2064,0.11,0.01,2,1,,145,3,NZ_180521_s04.d,Find by Molecular Feature
105,2564.3212,2565.6575,3.702,16192,60.3,640.073,TRUE,Cpd 105: 3.702,,,640.3224,Negative,-4,-4,3.65,3.808,1599,0.091,0.01,4,1,,44,1,NZ_180521_s04.d,Find by Molecular Feature
121,2937.3329,2938.4816,4.423,15901,100,1467.6592,TRUE,Cpd 121: 4.423,,,1468.1574,Negative,-2,-2,4.358,4.499,1353,0.079,0.01,4,1,,53,4,NZ_180521_s04.d,Find by Molecular Feature
116,2866.4336,2867.6123,4.316,15827,97.5,1432.2095,TRUE,Cpd 116: 4.316,,,1432.7106,Negative,-2,-2,4.258,4.391,1383,0.075,0.01,4,1,,51,3,NZ_180521_s04.d,Find by Molecular Feature
248,5798.7299,5799.4727,7.788,15802,68.8,723.8347,TRUE,Cpd 248: 7.788,,0.009,723.9585,Negative,-8,-9,7.722,7.855,1003,0.072,0.01,5,2,,109,2,NZ_180521_s04.d,Find by Molecular Feature
29,1017.0991,1017.3443,0.844,15734,98.4,1016.0919,TRUE,Cpd 29: 0.844,,,1016.0919,Negative,-1,-1,0.794,0.927,3093,0.065,0.01,2,1,,10,4,NZ_180521_s04.d,Find by Molecular Feature
280,5518.8372,5521.1358,9.386,15692,80,1838.6051,TRUE,Cpd 280: 9.386,,,1839.276,Negative,-3,-3,9.329,9.445,1018,0.062,0.01,6,1,,124,2,NZ_180521_s04.d,Find by Molecular Feature
195,1374.3169,1374.8753,7.303,15547,100,1373.3085,TRUE,Cpd 195: 7.303,,0.0023,1373.3085,Negative,-1,-2,7.239,7.372,1239,0.075,0.01,5,2,,93,5,NZ_180521_s04.d,Find by Molecular Feature
372,711.9754,712.158,16.577,15544,100,710.9682,TRUE,Cpd 372: 16.577,,,710.9682,Negative,-1,-1,16.531,16.689,2595,0.091,0.01,2,1,,165,2,NZ_180521_s04.d,Find by Molecular Feature
69,1979.1947,1979.8861,2.158,15396,93.6,988.5901,TRUE,Cpd 69: 2.158,,,988.5901,Negative,-2,-2,2.085,2.243,1285,0.098,0.01,3,1,,29,5,NZ_180521_s04.d,Find by Molecular Feature
381,443.983,444.1822,16.596,15288,79.9,442.9758,TRUE,Cpd 381: 16.596,,,442.9758,Negative,-1,-1,16.514,16.781,1884,0.155,0.01,2,1,,167,9,NZ_180521_s04.d,Find by Molecular Feature
184,5161.6312,5163.8528,7.183,15266,77.4,1719.5365,TRUE,Cpd 184: 7.183,,,1720.2032,Negative,-3,-3,7.139,7.255,1135,0.065,0.01,6,1,,90,3,NZ_180521_s04.d,Find by Molecular Feature
149,4160.4949,4161.9304,5.945,15229,80,593.3498,TRUE,Cpd 149: 5.945,,0.0285,593.4974,Negative,-6,-7,5.898,6.006,1298,0.064,0.01,6,2,,71,2,NZ_180521_s04.d,Find by Molecular Feature
233,5890.7574,5892.5346,7.742,15050,68.6,534.5161,TRUE,Cpd 233: 7.742,,,534.7013,Negative,-11,-11,7.688,7.805,1563,0.064,0.01,5,1,,106,13,NZ_180521_s04.d,Find by Molecular Feature
454,613.9778,614.167,17.229,15029,85.3,612.9705,TRUE,Cpd 454: 17.229,,,612.9705,Negative,-1,-1,17.114,17.33,2010,0.114,0.01,2,1,,195,1,NZ_180521_s04.d,Find by Molecular Feature
326,610.3426,610.6284,16.234,14977,91,609.3353,TRUE,Cpd 326: 16.234,,,609.3353,Negative,-1,-1,16.189,16.298,3049,0.058,0.01,2,1,,144,4,NZ_180521_s04.d,Find by Molecular Feature
27,955.1256,955.3627,0.755,14678,100,476.5555,TRUE,Cpd 27: 0.755,,0.0002,476.5555,Negative,-1,-2,0.719,0.836,2316,0.063,0.01,3,2,,9,3,NZ_180521_s04.d,Find by Molecular Feature
370,749.9554,750.0705,16.551,14453,88.9,748.9482,TRUE,Cpd 370: 16.551,,,748.9482,Negative,-1,-1,16.506,16.681,2795,0.106,0.01,2,1,,163,2,NZ_180521_s04.d,Find by Molecular Feature
312,6810.0147,6811.0154,10.199,14301,60,1701.5037,TRUE,Cpd 312: 10.199,,0.024,1702.0032,Negative,-4,-7,10.161,10.253,762,0.05,0.01,9,3,,135,2,NZ_180521_s04.d,Find by Molecular Feature
206,5375.7464,5376.5804,7.451,14256,62.8,766.9547,TRUE,Cpd 206: 7.451,,0.0126,767.1022,Negative,-5,-7,7.388,7.488,1034,0.056,0.01,8,3,,98,1,NZ_180521_s04.d,Find by Molecular Feature
80,1276.2281,1276.7558,2.412,14207,100,1275.2208,TRUE,Cpd 80: 2.412,,,1275.2208,Negative,-1,-1,2.368,2.484,2099,0.064,0.01,3,1,,34,4,NZ_180521_s04.d,Find by Molecular Feature
311,6784.0057,6785.3199,10.01,14167,52.7,752.7711,TRUE,Cpd 311: 10.010,,,752.7711,Negative,-9,-9,9.961,10.103,1074,0.09,0.01,4,1,,134,1,NZ_180521_s04.d,Find by Molecular Feature
163,3833.4733,3834.3713,6.345,13915,50.7,637.9039,TRUE,Cpd 163: 6.345,,0.0136,638.2397,Negative,-6,-7,6.281,6.498,884,0.079,0.01,5,2,,80,1,NZ_180521_s04.d,Find by Molecular Feature
151,3833.4884,3835.3094,6.024,13676,60,637.9075,TRUE,Cpd 151: 6.024,,,638.0737,Negative,-6,-6,5.948,6.09,922,0.082,0.01,5,1,,72,1,NZ_180521_s04.d,Find by Molecular Feature
65,1581.2711,1581.8925,1.844,13648,92.4,789.6287,TRUE,Cpd 65: 1.844,,0.0058,789.6287,Negative,-1,-2,1.802,1.91,1827,0.062,0.01,4,2,,27,3,NZ_180521_s04.d,Find by Molecular Feature
291,6670.9808,6673.2725,9.752,13471,55.3,740.2128,TRUE,Cpd 291: 9.752,,,740.3245,Negative,-9,-9,9.695,9.828,889,0.073,0.01,6,1,,130,15,NZ_180521_s04.d,Find by Molecular Feature
220,6046.8071,6048.4651,7.611,13430,61.7,754.8436,TRUE,Cpd 220: 7.611,,,755.0962,Negative,-8,-8,7.53,7.663,896,0.093,0.01,4,1,,102,1,NZ_180521_s04.d,Find by Molecular Feature
364,482.2223,482.4632,16.495,13369,100,481.2151,TRUE,Cpd 364: 16.495,,,481.2151,Negative,-1,-1,16.364,16.606,1336,0.145,0.01,2,1,,160,3,NZ_180521_s04.d,Find by Molecular Feature
475,663.9753,664.1055,17.514,13159,100,662.968,TRUE,Cpd 475: 17.514,,,662.968,Negative,-1,-1,17.463,17.597,2366,0.079,0.01,2,1,,206,5,NZ_180521_s04.d,Find by Molecular Feature
387,438.2171,438.4381,16.614,13136,100,437.2098,TRUE,Cpd 387: 16.614,,,437.2098,Negative,-1,-1,16.514,16.714,1887,0.098,0.01,2,1,,169,4,NZ_180521_s04.d,Find by Molecular Feature
68,1648.2183,1648.7703,2.024,13113,90.4,548.3989,TRUE,Cpd 68: 2.024,,0.0002,548.3989,Negative,-2,-3,1.968,2.076,1399,0.068,0.01,5,2,,28,1,NZ_180521_s04.d,Find by Molecular Feature
428,637.9584,638.0656,17.067,13060,100,636.9512,TRUE,Cpd 428: 17.067,,,636.9512,Negative,-1,-1,17.014,17.155,2834,0.076,0.01,2,1,,188,8,NZ_180521_s04.d,Find by Molecular Feature
249,5797.7489,5799.4457,7.792,12804,80,1931.5757,TRUE,Cpd 249: 7.792,,,1932.2428,Negative,-3,-3,7.738,7.838,1087,0.059,0.01,4,1,,109,2,NZ_180521_s04.d,Find by Molecular Feature
132,2894.3612,2895.422,5.025,12755,87.1,577.865,TRUE,Cpd 132: 5.025,,,578.0635,Negative,-5,-5,4.966,5.082,1103,0.067,0.01,3,1,,60,1,NZ_180521_s04.d,Find by Molecular Feature
218,3012.9172,3014.0318,7.594,12739,56.7,1003.2985,TRUE,Cpd 218: 7.594,,,1003.6328,Negative,-3,-3,7.513,7.672,1413,0.083,0.01,4,1,,101,2,NZ_180521_s04.d,Find by Molecular Feature
254,6105.8069,6106.7548,8.049,12520,57.9,871.2496,TRUE,Cpd 254: 8.049,,0.0355,871.394,Negative,-4,-7,8.021,8.113,986,0.054,0.01,6,2,,113,2,NZ_180521_s04.d,Find by Molecular Feature
63,947.1782,947.5136,1.789,12480,100,946.171,TRUE,Cpd 63: 1.789,,,946.171,Negative,-1,-1,1.735,1.86,2180,0.068,0.01,2,1,,26,2,NZ_180521_s04.d,Find by Molecular Feature
74,1886.3112,1886.9939,2.269,12435,94.6,942.1483,TRUE,Cpd 74: 2.269,,,942.1483,Negative,-2,-2,2.193,2.334,1381,0.08,0.01,3,1,,30,2,NZ_180521_s04.d,Find by Molecular Feature
346,650.1522,650.4959,16.367,12428,75.3,649.145,TRUE,Cpd 346: 16.367,,,649.145,Negative,-1,-1,16.289,16.497,1039,0.132,0.01,2,1,,152,4,NZ_180521_s04.d,Find by Molecular Feature
410,354.1806,354.4044,16.873,12404,100,353.1733,TRUE,Cpd 410: 16.873,,,353.1733,Negative,-1,-1,16.747,16.964,1492,0.123,0.01,2,1,,181,1,NZ_180521_s04.d,Find by Molecular Feature
204,5396.7299,5398.7722,7.445,12368,74.9,1797.9027,TRUE,Cpd 204: 7.445,,,1798.2391,Negative,-3,-3,7.405,7.505,1006,0.059,0.01,5,1,,97,5,NZ_180521_s04.d,Find by Molecular Feature
4,627.8668,627.8668,0.604,12365,77.6,626.8598,TRUE,Cpd 4: 0.604,,0.006,626.8598,Negative,-1,-1,0.544,0.727,1975,0.108,0.01,2,1,,1,4,NZ_180521_s04.d,Find by Molecular Feature
438,535.9864,536.1305,17.101,12318,87,534.9791,TRUE,Cpd 438: 17.101,,,534.9791,Negative,-1,-1,17.072,17.205,2540,0.083,0.01,2,1,,190,3,NZ_180521_s04.d,Find by Molecular Feature
99,2630.2641,2631.0746,3.538,12277,100,1314.1248,TRUE,Cpd 99: 3.538,,,1314.1248,Negative,-2,-2,3.483,3.608,1120,0.073,0.01,3,1,,42,5,NZ_180521_s04.d,Find by Molecular Feature
187,4491.5594,4493.5843,7.214,12273,77.7,640.6441,TRUE,Cpd 187: 7.214,,,640.9341,Negative,-7,-7,7.172,7.264,1096,0.057,0.01,5,1,,91,3,NZ_180521_s04.d,Find by Molecular Feature
197,1725.354,1726.0727,7.353,12252,100,861.6697,TRUE,Cpd 197: 7.353,,,861.6697,Negative,-2,-2,7.305,7.422,1386,0.068,0.01,3,1,,95,3,NZ_180521_s04.d,Find by Molecular Feature
41,1001.1299,1001.3478,1,12046,100,499.5579,TRUE,Cpd 41: 1.000,,0.0017,499.5579,Negative,-1,-2,0.952,1.061,1706,0.053,0.01,3,2,,15,6,NZ_180521_s04.d,Find by Molecular Feature
225,5720.8076,5721.7766,7.625,12003,73.3,952.4592,TRUE,Cpd 225: 7.625,,0.0173,952.6273,Negative,-5,-6,7.58,7.68,865,0.059,0.01,6,2,,103,8,NZ_180521_s04.d,Find by Molecular Feature
380,370.2113,370.4684,16.596,11948,100,369.204,TRUE,Cpd 380: 16.596,,,369.204,Negative,-1,-1,16.547,16.681,2320,0.067,0.01,2,1,,167,9,NZ_180521_s04.d,Find by Molecular Feature
22,690.0772,690.3231,0.731,11628,100,689.07,TRUE,Cpd 22: 0.731,,,689.07,Negative,-1,-1,0.686,0.819,2033,0.072,0.01,2,1,,8,4,NZ_180521_s04.d,Find by Molecular Feature
444,428.238,428.4923,17.12,11626,100,427.2308,TRUE,Cpd 444: 17.120,,,427.2308,Negative,-1,-1,17.072,17.189,2229,0.067,0.01,2,1,,192,4,NZ_180521_s04.d,Find by Molecular Feature
305,1510.2258,1510.6713,9.76,11607,62.6,754.1056,TRUE,Cpd 305: 9.760,,,754.1056,Negative,-2,-2,9.687,9.886,1696,0.115,0.01,2,1,,130,15,NZ_180521_s04.d,Find by Molecular Feature
166,4527.5413,4529.3719,6.506,11603,80,1508.1732,TRUE,Cpd 166: 6.506,,,1508.5059,Negative,-3,-3,6.456,6.573,731,0.069,0.01,5,1,,83,6,NZ_180521_s04.d,Find by Molecular Feature
224,5741.7581,5743.5121,7.625,11248,80,1912.9121,TRUE,Cpd 224: 7.625,,,1913.9265,Negative,-3,-3,7.58,7.68,955,0.061,0.01,4,1,,103,8,NZ_180521_s04.d,Find by Molecular Feature
26,449.0085,449.1368,0.753,11217,100,448.0013,TRUE,Cpd 26: 0.753,,,448.0013,Negative,-1,-1,0.711,0.836,2542,0.07,0.01,2,1,,9,3,NZ_180521_s04.d,Find by Molecular Feature
211,5490.6783,5492.5494,7.492,11130,79.5,1829.2188,TRUE,Cpd 211: 7.492,,,1829.5504,Negative,-3,-3,7.447,7.538,848,0.056,0.01,5,1,,99,6,NZ_180521_s04.d,Find by Molecular Feature
257,5131.6719,5132.9172,8.162,11079,71.9,732.0886,TRUE,Cpd 257: 8.162,,0.0014,732.5167,Negative,-7,-8,8.105,8.213,1187,0.057,0.01,5,2,,114,2,NZ_180521_s04.d,Find by Molecular Feature
302,6820.0486,6821.5885,9.757,11074,51,756.7759,TRUE,Cpd 302: 9.757,,,756.9913,Negative,-9,-9,9.695,9.828,823,0.07,0.01,4,1,,130,15,NZ_180521_s04.d,Find by Molecular Feature
340,415.1961,415.4298,16.347,11030,100,414.1888,TRUE,Cpd 340: 16.347,,,414.1888,Negative,-1,-1,16.306,16.423,2163,0.067,0.01,2,1,,151,3,NZ_180521_s04.d,Find by Molecular Feature
262,3622.6132,3624.0704,8.42,10964,80,1810.2993,TRUE,Cpd 262: 8.420,,,1810.8026,Negative,-2,-2,8.371,8.479,949,0.063,0.01,4,1,,117,3,NZ_180521_s04.d,Find by Molecular Feature
56,1674.1568,1674.5581,1.464,10759,54,836.0711,TRUE,Cpd 56: 1.464,,,836.0711,Negative,-2,-2,1.352,1.568,991,0.117,0.01,2,1,,20,1,NZ_180521_s04.d,Find by Molecular Feature
62,1569.185,1569.5731,1.762,10756,77.9,391.2885,TRUE,Cpd 62: 1.762,,0.0023,391.2885,Negative,-2,-4,1.718,1.81,1048,0.055,0.01,6,3,,25,2,NZ_180521_s04.d,Find by Molecular Feature
345,358.2321,358.5235,16.367,10735,97.1,357.2248,TRUE,Cpd 345: 16.367,,,357.2248,Negative,-1,-1,16.281,16.464,1294,0.113,0.01,2,1,,152,4,NZ_180521_s04.d,Find by Molecular Feature
355,715.9538,716.0845,16.455,10637,99.6,714.9465,TRUE,Cpd 355: 16.455,,,714.9465,Negative,-1,-1,16.406,16.531,2523,0.064,0.01,2,1,,157,1,NZ_180521_s04.d,Find by Molecular Feature
287,682.2018,682.988,9.738,10632,57.8,681.1945,TRUE,Cpd 287: 9.738,,,681.1945,Negative,-1,-1,9.653,9.845,1081,0.115,0.01,3,1,,128,2,NZ_180521_s04.d,Find by Molecular Feature
155,3856.5028,3857.9991,6.107,10575,65.9,641.7432,TRUE,Cpd 155: 6.107,,,642.0758,Negative,-6,-6,6.056,6.165,1025,0.067,0.01,4,1,,75,1,NZ_180521_s04.d,Find by Molecular Feature
162,4138.531,4139.8861,6.299,10488,70,590.2114,TRUE,Cpd 162: 6.299,,,590.2114,Negative,-7,-7,6.248,6.364,915,0.071,0.01,4,1,,79,2,NZ_180521_s04.d,Find by Molecular Feature
167,4456.6386,4458.4941,6.506,10435,77.4,1484.5389,TRUE,Cpd 167: 6.506,,,1485.207,Negative,-3,-3,6.473,6.556,900,0.054,0.01,5,1,,83,6,NZ_180521_s04.d,Find by Molecular Feature
466,402.0444,402.3576,17.445,10387,54,401.0371,TRUE,Cpd 466: 17.445,,,401.0371,Negative,-1,-1,17.38,17.513,1607,0.092,0.01,2,1,,202,2,NZ_180521_s04.d,Find by Molecular Feature
243,6068.8265,6070.6576,7.746,10361,69.1,1516.1994,TRUE,Cpd 243: 7.746,,,1516.9465,Negative,-4,-4,7.705,7.805,1088,0.062,0.01,4,1,,106,13,NZ_180521_s04.d,Find by Molecular Feature
309,5847.8938,5849.5864,9.803,10244,79.3,1948.2907,TRUE,Cpd 309: 9.803,,,1949.2944,Negative,-3,-3,9.761,9.853,822,0.056,0.01,4,1,,133,2,NZ_180521_s04.d,Find by Molecular Feature
258,2971.5476,2972.9096,8.338,10185,100,1484.7665,TRUE,Cpd 258: 8.338,,,1485.27,Negative,-2,-2,8.296,8.396,1191,0.057,0.01,4,1,,115,2,NZ_180521_s04.d,Find by Molecular Feature
207,5447.7236,5449.0995,7.488,10183,72.5,1088.5374,TRUE,Cpd 207: 7.488,,,1088.7382,Negative,-5,-5,7.297,7.538,964,0.1,0.01,4,1,,99,6,NZ_180521_s04.d,Find by Molecular Feature
289,6756.9911,6759.7975,9.747,10132,50.3,749.7695,TRUE,Cpd 289: 9.747,,,750.1026,Negative,-9,-9,9.703,9.811,668,0.057,0.01,7,1,,129,2,NZ_180521_s04.d,Find by Molecular Feature
209,2642.4984,2643.4079,7.492,10086,100,1320.2419,TRUE,Cpd 209: 7.492,,,1320.7439,Negative,-2,-2,7.447,7.538,926,0.061,0.01,3,1,,99,6,NZ_180521_s04.d,Find by Molecular Feature
281,6451.8936,6453.7854,9.584,10056,63.6,715.8698,TRUE,Cpd 281: 9.584,,,716.1014,Negative,-9,-9,9.537,9.637,1163,0.063,0.01,4,1,,125,1,NZ_180521_s04.d,Find by Molecular Feature
307,3095.9199,3097.0777,9.783,10049,57,618.1767,TRUE,Cpd 307: 9.783,,,618.1767,Negative,-5,-5,9.653,9.861,830,0.095,0.01,4,1,,131,2,NZ_180521_s04.d,Find by Molecular Feature
487,749.9565,750.1118,17.583,10035,100,748.9492,TRUE,Cpd 487: 17.583,,,748.9492,Negative,-1,-1,17.522,17.655,1873,0.078,0.01,2,1,,210,3,NZ_180521_s04.d,Find by Molecular Feature
430,817.9621,818.4104,17.067,9996,73.4,816.9548,TRUE,Cpd 430: 17.067,,,816.9548,Negative,-1,-1,17.022,17.114,2500,0.048,0.01,3,1,,188,8,NZ_180521_s04.d,Find by Molecular Feature
288,682.1009,682.5186,9.74,9985,57.4,681.0936,TRUE,Cpd 288: 9.740,,,681.0936,Negative,-1,-1,9.637,9.836,1131,0.119,0.01,2,1,,128,2,NZ_180521_s04.d,Find by Molecular Feature
134,2900.3927,2901.7368,5.296,9958,76.9,579.0713,TRUE,Cpd 134: 5.296,,,579.274,Negative,-5,-5,5.249,5.357,1036,0.059,0.01,4,1,,62,1,NZ_180521_s04.d,Find by Molecular Feature
77,1954.238,1954.734,2.384,9884,54.1,487.552,TRUE,Cpd 77: 2.384,,0.0038,487.552,Negative,-2,-4,2.326,2.451,826,0.062,0.01,6,3,,32,2,NZ_180521_s04.d,Find by Molecular Feature
274,4256.7108,4258.5612,9.146,9863,80,1417.8963,TRUE,Cpd 274: 9.146,,,1418.2299,Negative,-3,-3,9.095,9.204,949,0.057,0.01,5,1,,122,2,NZ_180521_s04.d,Find by Molecular Feature
228,2076.3816,2077.2077,7.626,9668,99.9,1037.1835,TRUE,Cpd 228: 7.626,,,1037.1835,Negative,-2,-2,7.572,7.697,936,0.069,0.01,3,1,,103,8,NZ_180521_s04.d,Find by Molecular Feature
498,506.2407,506.4594,17.828,9613,100,505.2335,TRUE,Cpd 498: 17.828,,,505.2335,Negative,-1,-1,17.771,17.896,1781,0.069,0.01,2,1,,217,2,NZ_180521_s04.d,Find by Molecular Feature
369,765.9506,766.1199,16.549,9570,99.8,764.9433,TRUE,Cpd 369: 16.549,,,764.9433,Negative,-1,-1,16.514,16.631,1987,0.072,0.01,2,1,,163,2,NZ_180521_s04.d,Find by Molecular Feature
507,1966.6115,1967.4279,20.748,9562,92.9,982.2985,TRUE,Cpd 507: 20.748,,,982.2985,Negative,-2,-2,20.702,20.81,1036,0.066,0.01,3,1,,222,3,NZ_180521_s04.d,Find by Molecular Feature
251,6370.8492,6372.6268,7.906,9554,59.9,706.8649,TRUE,Cpd 251: 7.906,,,706.9798,Negative,-9,-9,7.855,7.971,1004,0.074,0.01,5,1,,111,1,NZ_180521_s04.d,Find by Molecular Feature
146,3500.516,3501.8754,5.856,9518,91,1749.2507,TRUE,Cpd 146: 5.856,,,1749.753,Negative,-2,-2,5.815,5.915,926,0.06,0.01,4,1,,69,2,NZ_180521_s04.d,Find by Molecular Feature
260,3316.5921,3318.0003,8.37,9493,77.5,1657.2888,TRUE,Cpd 260: 8.370,,,1657.7908,Negative,-2,-2,8.329,8.429,900,0.06,0.01,4,1,,116,2,NZ_180521_s04.d,Find by Molecular Feature
140,3245.4412,3246.3001,5.562,9490,80.8,648.081,TRUE,Cpd 140: 5.562,,,648.2837,Negative,-5,-5,5.523,5.607,1347,0.059,0.01,3,1,,65,1,NZ_180521_s04.d,Find by Molecular Feature
98,2282.3068,2283.0861,3.511,9470,67.8,569.5694,TRUE,Cpd 98: 3.511,,,569.5694,Negative,-4,-4,3.45,3.567,1000,0.082,0.01,3,1,,41,2,NZ_180521_s04.d,Find by Molecular Feature
427,445.9797,446.204,17.067,9409,68.2,444.9725,TRUE,Cpd 427: 17.067,,,444.9725,Negative,-1,-1,16.972,17.18,1296,0.115,0.01,2,1,,188,8,NZ_180521_s04.d,Find by Molecular Feature
180,4162.5289,4163.5282,6.848,9369,53.5,593.6388,TRUE,Cpd 180: 6.848,,0.0157,593.7824,Negative,-6,-7,6.814,6.914,890,0.059,0.01,5,2,,87,4,NZ_180521_s04.d,Find by Molecular Feature
420,357.1924,357.5081,16.958,9265,63,356.1851,TRUE,Cpd 420: 16.958,,,356.1851,Negative,-1,-1,16.847,17.064,964,0.139,0.01,2,1,,185,2,NZ_180521_s04.d,Find by Molecular Feature
193,2359.439,2360.6446,7.299,9231,100,1178.7122,TRUE,Cpd 193: 7.299,,,1178.7122,Negative,-2,-2,7.255,7.364,852,0.063,0.01,4,1,,93,5,NZ_180521_s04.d,Find by Molecular Feature
61,1005.1624,1005.407,1.757,9017,99.7,501.5743,TRUE,Cpd 61: 1.757,,0.002,501.5743,Negative,-1,-2,1.718,1.81,1422,0.055,0.01,3,2,,25,2,NZ_180521_s04.d,Find by Molecular Feature
152,3845.5664,3846.9273,6.049,9013,70,1921.7745,TRUE,Cpd 152: 6.049,,0.0071,1922.2752,Negative,-2,-3,6.015,6.098,717,0.048,0.01,7,2,,73,2,NZ_180521_s04.d,Find by Molecular Feature
246,5776.7922,5778.1537,7.775,8998,78.6,1154.3512,TRUE,Cpd 246: 7.775,,,1154.5479,Negative,-5,-5,7.738,7.821,803,0.054,0.01,4,1,,108,2,NZ_180521_s04.d,Find by Molecular Feature
148,3229.4491,3230.3384,5.907,8984,90.3,644.8835,TRUE,Cpd 148: 5.907,,0.0189,645.0836,Negative,-5,-6,5.865,5.956,1123,0.049,0.01,6,2,,70,1,NZ_180521_s04.d,Find by Molecular Feature
93,2237.3424,2238.1544,3.471,8926,99.3,1117.6639,TRUE,Cpd 93: 3.471,,,1117.6639,Negative,-2,-2,3.425,3.525,989,0.063,0.01,3,1,,40,4,NZ_180521_s04.d,Find by Molecular Feature
329,650.1525,650.4659,16.238,8882,76.6,649.1452,TRUE,Cpd 329: 16.238,,,649.1452,Negative,-1,-1,16.081,16.289,925,0.149,0.01,2,1,,144,4,NZ_180521_s04.d,Find by Molecular Feature
19,574.9747,575.1409,0.671,8818,100,573.9675,TRUE,Cpd 19: 0.671,,,573.9675,Negative,-1,-1,0.628,0.736,2161,0.06,0.01,2,1,,7,3,NZ_180521_s04.d,Find by Molecular Feature
202,537.8759,537.8759,7.442,8652,55.7,536.8685,TRUE,Cpd 202: 7.442,,0.0026,536.8685,Negative,-1,-1,7.355,7.497,1899,0.081,0.01,2,1,,97,5,NZ_180521_s04.d,Find by Molecular Feature
230,5931.8117,5932.861,7.688,8394,61.9,658.0834,TRUE,Cpd 230: 7.688,,0.0081,658.3041,Negative,-9,-10,7.622,7.747,885,0.063,0.01,5,2,,105,1,NZ_180521_s04.d,Find by Molecular Feature
178,4762.6459,4764.2649,6.844,8384,80,1586.5414,TRUE,Cpd 178: 6.844,,,1586.8792,Negative,-3,-3,6.806,6.897,735,0.061,0.01,4,1,,87,4,NZ_180521_s04.d,Find by Molecular Feature
440,3887.7847,3888.5248,17.112,8351,98,430.9688,TRUE,Cpd 440: 17.112,,,430.9688,Negative,-9,-9,17.022,17.197,1084,0.102,0.01,3,1,,191,2,NZ_180521_s04.d,Find by Molecular Feature
13,473.9291,473.9291,0.637,8349,80,472.9221,TRUE,Cpd 13: 0.637,,0.0008,472.9221,Negative,-1,-1,0.594,0.711,1261,0.074,0.01,2,1,,4,8,NZ_180521_s04.d,Find by Molecular Feature
9,2599.2491,2599.5214,0.634,8149,79.9,648.805,TRUE,Cpd 9: 0.634,,,649.0744,Negative,-4,-4,0.561,0.727,420,0.114,0.01,2,1,,4,8,NZ_180521_s04.d,Find by Molecular Feature
464,482.1855,482.4655,17.339,8083,96.2,481.1782,TRUE,Cpd 464: 17.339,,,481.1782,Negative,-1,-1,17.288,17.397,1641,0.061,0.01,2,1,,200,1,NZ_180521_s04.d,Find by Molecular Feature
181,4741.6486,4742.0136,6.85,8076,52.4,789.2666,TRUE,Cpd 181: 6.850,,0.0081,789.4374,Negative,-4,-6,6.806,6.897,748,0.057,0.01,5,3,,87,4,NZ_180521_s04.d,Find by Molecular Feature
143,3893.4419,3894.799,5.734,7897,80,1945.7137,TRUE,Cpd 143: 5.734,,,1946.2148,Negative,-2,-2,5.69,5.773,843,0.052,0.01,4,1,,67,3,NZ_180521_s04.d,Find by Molecular Feature
317,1112.1931,1112.6343,16.087,7849,56,369.7241,TRUE,Cpd 317: 16.087,,0.0014,370.0607,Negative,-2,-3,16.039,16.156,674,0.076,0.01,4,2,,138,2,NZ_180521_s04.d,Find by Molecular Feature
85,1615.2422,1615.7997,2.67,7839,100,537.4064,TRUE,Cpd 85: 2.670,,0.0041,537.4064,Negative,-2,-3,2.626,2.726,935,0.052,0.01,4,2,,36,1,NZ_180521_s04.d,Find by Molecular Feature
86,2307.2003,2307.9452,2.914,7805,100,1152.5929,TRUE,Cpd 86: 2.914,,,1152.5929,Negative,-2,-2,2.876,2.992,880,0.079,0.01,3,1,,37,5,NZ_180521_s04.d,Find by Molecular Feature
57,1303.1734,1303.4139,1.533,7772,50.8,433.3839,TRUE,Cpd 57: 1.533,,0.0006,433.3839,Negative,-2,-3,1.485,1.602,828,0.078,0.01,3,2,,21,1,NZ_180521_s04.d,Find by Molecular Feature
456,448.1386,448.3551,17.266,7701,90.7,447.1313,TRUE,Cpd 456: 17.266,,,447.1313,Negative,-1,-1,17.222,17.322,1693,0.059,0.01,2,1,,197,1,NZ_180521_s04.d,Find by Molecular Feature
141,3223.3965,3224.8375,5.696,7662,74.4,643.672,TRUE,Cpd 141: 5.696,,,643.876,Negative,-5,-5,5.665,5.74,872,0.054,0.01,4,1,,66,1,NZ_180521_s04.d,Find by Molecular Feature
113,2289.3369,2290.2319,4.036,7638,99.2,571.327,TRUE,Cpd 113: 4.036,,,571.327,Negative,-4,-4,3.975,4.083,886,0.062,0.01,3,1,,49,1,NZ_180521_s04.d,Find by Molecular Feature
17,389.9091,389.9091,0.653,7588,53.2,388.9017,TRUE,Cpd 17: 0.653,,0.0004,388.9017,Negative,-1,-1,0.594,0.752,991,0.1,0.01,2,1,,6,1,NZ_180521_s04.d,Find by Molecular Feature
353,380.2192,380.4972,16.431,7485,55.6,379.212,TRUE,Cpd 353: 16.431,,,379.212,Negative,-1,-1,16.348,16.506,1133,0.104,0.01,2,1,,156,4,NZ_180521_s04.d,Find by Molecular Feature
434,397.1622,397.4238,17.087,7471,91.4,396.1549,TRUE,Cpd 434: 17.087,,,396.1549,Negative,-1,-1,17.047,17.147,1641,0.058,0.01,2,1,,189,3,NZ_180521_s04.d,Find by Molecular Feature
66,1603.2544,1603.9674,1.845,7438,100,800.6199,TRUE,Cpd 66: 1.845,,,800.6199,Negative,-2,-2,1.802,1.901,1013,0.059,0.01,3,1,,27,3,NZ_180521_s04.d,Find by Molecular Feature
304,848.9983,849.3709,9.759,7405,51.2,847.991,TRUE,Cpd 304: 9.759,,,847.991,Negative,-1,-1,9.678,9.836,1297,0.088,0.01,2,1,,130,15,NZ_180521_s04.d,Find by Molecular Feature
245,3027.4023,3029.0347,7.765,7345,61.4,604.4732,TRUE,Cpd 245: 7.765,,,604.6754,Negative,-5,-5,7.722,7.821,759,0.057,0.01,5,1,,107,2,NZ_180521_s04.d,Find by Molecular Feature
303,1698.2428,1699.3089,9.758,7301,73.2,848.1141,TRUE,Cpd 303: 9.758,,,849.1209,Negative,-2,-2,9.687,9.828,1073,0.078,0.01,3,1,,130,15,NZ_180521_s04.d,Find by Molecular Feature
46,1368.1316,1368.6189,1.007,7269,98,683.0592,TRUE,Cpd 46: 1.007,,0.005,683.0592,Negative,-1,-2,0.969,1.061,1123,0.048,0.01,4,2,,15,6,NZ_180521_s04.d,Find by Molecular Feature
412,506.2416,506.5208,16.928,7229,100,505.2343,TRUE,Cpd 412: 16.928,,,505.2343,Negative,-1,-1,16.864,16.997,1171,0.08,0.01,2,1,,183,3,NZ_180521_s04.d,Find by Molecular Feature
359,530.1672,530.4401,16.483,7194,99.6,529.16,TRUE,Cpd 359: 16.483,,,529.16,Negative,-1,-1,16.431,16.564,1221,0.084,0.01,2,1,,159,6,NZ_180521_s04.d,Find by Molecular Feature
38,653.086,653.2979,0.961,7183,100,652.0787,TRUE,Cpd 38: 0.961,,,652.0787,Negative,-1,-1,0.919,1.027,1540,0.065,0.01,2,1,,13,3,NZ_180521_s04.d,Find by Molecular Feature
138,3570.3734,3571.7692,5.319,7162,61.2,1784.1794,TRUE,Cpd 138: 5.319,,,1784.6794,Negative,-2,-2,5.282,5.374,661,0.056,0.01,4,1,,63,4,NZ_180521_s04.d,Find by Molecular Feature
413,1599.9064,1600.1997,16.928,7123,51.5,398.9693,TRUE,Cpd 413: 16.928,,,399.2146,Negative,-4,-4,16.855,17.03,444,0.116,0.01,2,1,,183,3,NZ_180521_s04.d,Find by Molecular Feature
145,3551.4714,3552.4444,5.782,7109,74.7,590.9046,TRUE,Cpd 145: 5.782,,,591.0714,Negative,-6,-6,5.723,5.84,907,0.064,0.01,3,1,,68,1,NZ_180521_s04.d,Find by Molecular Feature
373,415.1957,415.4636,16.578,7060,95.6,414.1884,TRUE,Cpd 373: 16.578,,,414.1884,Negative,-1,-1,16.539,16.656,1518,0.069,0.01,2,1,,165,2,NZ_180521_s04.d,Find by Molecular Feature
367,400.149,400.3905,16.526,6999,56.1,399.1417,TRUE,Cpd 367: 16.526,,,399.1417,Negative,-1,-1,16.481,16.564,1525,0.054,0.01,2,1,,161,2,NZ_180521_s04.d,Find by Molecular Feature
234,6001.8193,6004.6369,7.742,6921,54.4,665.8615,TRUE,Cpd 234: 7.742,,,665.8615,Negative,-9,-9,7.663,7.796,610,0.062,0.01,7,1,,106,13,NZ_180521_s04.d,Find by Molecular Feature
126,3171.4694,3172.4414,4.775,6877,79.9,1584.7274,TRUE,Cpd 126: 4.775,,,1585.2304,Negative,-2,-2,4.741,4.824,815,0.058,0.01,3,1,,57,2,NZ_180521_s04.d,Find by Molecular Feature
172,4185.5574,4187.1556,6.564,6817,60,596.9295,TRUE,Cpd 172: 6.564,,,597.2154,Negative,-7,-7,6.414,6.614,862,0.065,0.01,4,1,,84,1,NZ_180521_s04.d,Find by Molecular Feature
443,351.2384,351.5407,17.119,6800,100,350.2311,TRUE,Cpd 443: 17.119,,,350.2311,Negative,-1,-1,17.047,17.205,967,0.095,0.01,2,1,,192,4,NZ_180521_s04.d,Find by Molecular Feature
109,2582.3873,2583.2551,3.996,6788,96.6,1290.1864,TRUE,Cpd 109: 3.996,,,1290.1864,Negative,-2,-2,3.958,4.041,750,0.054,0.01,3,1,,48,4,NZ_180521_s04.d,Find by Molecular Feature
284,6498.9688,6500.4159,9.717,6782,52.8,721.1004,TRUE,Cpd 284: 9.717,,,721.1004,Negative,-9,-9,9.67,9.745,736,0.047,0.01,4,1,,127,3,NZ_180521_s04.d,Find by Molecular Feature
50,1263.1637,1263.3974,1.033,6778,79.6,420.047,TRUE,Cpd 50: 1.033,,0.0023,420.047,Negative,-2,-3,1.011,1.085,1136,0.062,0.01,3,2,,16,4,NZ_180521_s04.d,Find by Molecular Feature
244,2019.2797,2019.6434,7.758,6685,62.4,672.0859,TRUE,Cpd 244: 7.758,,,672.0859,Negative,-3,-3,7.697,7.821,1088,0.083,0.01,2,1,,107,2,NZ_180521_s04.d,Find by Molecular Feature
491,438.217,438.432,17.674,6641,84.5,437.2098,TRUE,Cpd 491: 17.674,,,437.2098,Negative,-1,-1,17.621,17.746,1560,0.063,0.01,2,1,,212,1,NZ_180521_s04.d,Find by Molecular Feature
256,5133.6738,5134.5444,8.155,6587,56,854.605,TRUE,Cpd 256: 8.155,,,854.7733,Negative,-6,-6,8.113,8.229,876,0.068,0.01,3,1,,114,2,NZ_180521_s04.d,Find by Molecular Feature
28,1039.0806,1039.3552,0.842,6534,96.2,1038.0733,TRUE,Cpd 28: 0.842,,,1038.0733,Negative,-1,-1,0.802,0.902,1281,0.062,0.01,2,1,,10,4,NZ_180521_s04.d,Find by Molecular Feature
125,2571.3443,2572.147,4.601,6527,91.1,513.2613,TRUE,Cpd 125: 4.601,,0.0076,513.2613,Negative,-4,-5,4.541,4.641,714,0.064,0.01,4,2,,56,1,NZ_180521_s04.d,Find by Molecular Feature
176,4855.5714,4856.4265,6.767,6390,84.3,1617.5165,TRUE,Cpd 176: 6.767,,,1617.8471,Negative,-3,-3,6.731,6.814,709,0.053,0.01,3,1,,85,4,NZ_180521_s04.d,Find by Molecular Feature
231,6069.8258,6070.8255,7.741,6339,60.3,757.7219,TRUE,Cpd 231: 7.741,,0.0218,757.8387,Negative,-7,-8,7.713,7.78,656,0.05,0,5,2,,106,13,NZ_180521_s04.d,Find by Molecular Feature
183,4515.6261,4516.5341,6.982,6327,57.8,644.0822,TRUE,Cpd 183: 6.982,,,644.0822,Negative,-7,-7,6.939,7.03,826,0.061,0,3,1,,89,1,NZ_180521_s04.d,Find by Molecular Feature
79,1636.2079,1636.5913,2.394,6302,73.5,544.3954,TRUE,Cpd 79: 2.394,,,544.3954,Negative,-3,-3,2.343,2.468,1081,0.069,0,2,1,,33,1,NZ_180521_s04.d,Find by Molecular Feature
468,469.2106,469.4313,17.459,6253,100,468.2033,TRUE,Cpd 468: 17.459,,,468.2033,Negative,-1,-1,17.397,17.522,1236,0.081,0,2,1,,203,4,NZ_180521_s04.d,Find by Molecular Feature
36,935.0977,935.385,0.894,6244,99.5,466.5418,TRUE,Cpd 36: 0.894,,0.0015,466.5418,Negative,-1,-2,0.852,0.944,882,0.055,0,3,2,,12,1,NZ_180521_s04.d,Find by Molecular Feature
347,4383.164,4384.1625,16.387,6223,69.1,1460.0474,TRUE,Cpd 347: 16.387,,,1460.3799,Negative,-3,-3,16.356,16.423,730,0.051,0,3,1,,153,1,NZ_180521_s04.d,Find by Molecular Feature
71,2001.18,2001.6351,2.16,6180,79.5,999.5827,TRUE,Cpd 71: 2.160,,,999.5827,Negative,-2,-2,2.101,2.226,711,0.08,0,2,1,,29,5,NZ_180521_s04.d,Find by Molecular Feature
267,4624.746,4626.0499,9.108,6174,60.4,1540.5747,TRUE,Cpd 267: 9.108,,,1540.9052,Negative,-3,-3,9.062,9.154,655,0.056,0,4,1,,120,3,NZ_180521_s04.d,Find by Molecular Feature
124,2854.3477,2855.1898,4.509,6149,77.3,569.8623,TRUE,Cpd 124: 4.509,,,569.8623,Negative,-5,-5,4.483,4.566,1046,0.05,0,3,1,,55,1,NZ_180521_s04.d,Find by Molecular Feature
40,1280.1424,1280.2926,0.988,6143,70.3,425.707,TRUE,Cpd 40: 0.988,,0.0007,425.707,Negative,-2,-3,0.952,1.027,1090,0.041,0,3,2,,14,1,NZ_180521_s04.d,Find by Molecular Feature
169,4435.6597,4436.7016,6.509,6096,74.3,1107.9077,TRUE,Cpd 169: 6.509,,,1108.1583,Negative,-4,-4,6.473,6.548,701,0.047,0,3,1,,83,6,NZ_180521_s04.d,Find by Molecular Feature
81,1298.2083,1298.5625,2.413,5927,80,1297.201,TRUE,Cpd 81: 2.413,,,1297.201,Negative,-1,-1,2.376,2.459,1039,0.054,0,2,1,,34,4,NZ_180521_s04.d,Find by Molecular Feature
229,2888.3764,2888.9361,7.636,5918,52.1,721.0868,TRUE,Cpd 229: 7.636,,,721.3376,Negative,-4,-4,7.588,7.663,1171,0.058,0,2,1,,104,1,NZ_180521_s04.d,Find by Molecular Feature
161,3880.5008,3881.9314,6.296,5910,52.5,645.7429,TRUE,Cpd 161: 6.296,,,645.9126,Negative,-6,-6,6.239,6.331,979,0.05,0,4,1,,79,2,NZ_180521_s04.d,Find by Molecular Feature
217,5070.7214,5071.6948,7.53,5856,60,1013.137,TRUE,Cpd 217: 7.530,,,1013.3391,Negative,-5,-5,7.488,7.58,828,0.051,0,3,1,,100,5,NZ_180521_s04.d,Find by Molecular Feature
157,4151.5846,4153.0631,6.23,5713,55.8,1382.8543,TRUE,Cpd 157: 6.230,,,1383.5255,Negative,-3,-3,6.198,6.273,677,0.045,0,4,1,,77,2,NZ_180521_s04.d,Find by Molecular Feature
270,4930.7651,4931.7912,9.13,5588,65.5,1642.5811,TRUE,Cpd 270: 9.130,,,1642.9119,Negative,-3,-3,9.095,9.187,633,0.059,0,3,1,,121,3,NZ_180521_s04.d,Find by Molecular Feature
122,2959.3116,2960.2139,4.423,5580,83.7,1478.6485,TRUE,Cpd 122: 4.423,,,1479.1516,Negative,-2,-2,4.383,4.466,711,0.059,0,3,1,,53,4,NZ_180521_s04.d,Find by Molecular Feature
47,1612.184,1612.9613,1.026,5397,89.8,805.0847,TRUE,Cpd 47: 1.026,,,805.0847,Negative,-2,-2,1.002,1.077,971,0.054,0,3,1,,16,4,NZ_180521_s04.d,Find by Molecular Feature
21,712.0595,712.3142,0.73,5288,70.5,711.0522,TRUE,Cpd 21: 0.730,,,711.0522,Negative,-1,-1,0.694,0.786,1544,0.057,0,2,1,,8,4,NZ_180521_s04.d,Find by Molecular Feature
133,1168.4763,1168.7133,5.166,5166,68.5,583.2309,TRUE,Cpd 133: 5.166,,,583.2309,Negative,-2,-2,5.107,5.207,1445,0.066,0,2,1,,61,1,NZ_180521_s04.d,Find by Molecular Feature
103,2652.2468,2653.1859,3.543,5122,60,1325.1161,TRUE,Cpd 103: 3.543,,,1325.6173,Negative,-2,-2,3.5,3.583,603,0.057,0,3,1,,42,5,NZ_180521_s04.d,Find by Molecular Feature
115,2888.4084,2889.3426,4.311,5091,60,1443.1969,TRUE,Cpd 115: 4.311,,,1443.698,Negative,-2,-2,4.266,4.366,608,0.057,0,3,1,,51,3,NZ_180521_s04.d,Find by Molecular Feature
375,408.2944,408.541,16.591,5050,82.1,407.2871,TRUE,Cpd 375: 16.591,,,407.2871,Negative,-1,-1,16.556,16.639,1264,0.051,0,2,1,,167,9,NZ_180521_s04.d,Find by Molecular Feature
474,811.9708,811.9708,17.513,4920,50.8,810.9609,TRUE,Cpd 474: 17.513,,0.0036,810.9609,Negative,-1,-1,17.472,17.563,794,0.059,0,2,1,,206,5,NZ_180521_s04.d,Find by Molecular Feature
358,657.4117,657.7008,16.482,4870,87.6,656.4045,TRUE,Cpd 358: 16.482,,,656.4045,Negative,-1,-1,16.447,16.531,1128,0.055,0,2,1,,159,6,NZ_180521_s04.d,Find by Molecular Feature
214,5114.6884,5115.6511,7.524,4815,50.9,1703.8889,TRUE,Cpd 214: 7.524,,,1704.2235,Negative,-3,-3,7.48,7.563,646,0.047,0,3,1,,100,5,NZ_180521_s04.d,Find by Molecular Feature
506,1988.5916,1989.082,20.744,4782,57.5,993.2885,TRUE,Cpd 506: 20.744,,,993.2885,Negative,-2,-2,20.719,20.794,702,0.055,0,2,1,,222,3,NZ_180521_s04.d,Find by Molecular Feature
97,2266.3086,2266.7108,3.508,4723,66.1,565.5699,TRUE,Cpd 97: 3.508,,,565.5699,Negative,-4,-4,3.475,3.542,1048,0.045,0,2,1,,41,2,NZ_180521_s04.d,Find by Molecular Feature
250,2015.9333,2016.2362,7.876,4719,61.6,670.9705,TRUE,Cpd 250: 7.876,,,670.9705,Negative,-3,-3,7.846,7.971,1383,0.06,0,2,1,,110,1,NZ_180521_s04.d,Find by Molecular Feature
154,4709.6206,4710.5888,6.089,4648,65.6,671.7957,TRUE,Cpd 154: 6.089,,,671.9423,Negative,-7,-7,6.056,6.123,963,0.045,0,3,1,,74,1,NZ_180521_s04.d,Find by Molecular Feature
221,2860.4157,2861.2449,7.621,4627,62.2,1429.2006,TRUE,Cpd 221: 7.621,,,1429.2006,Negative,-2,-2,7.58,7.672,669,0.055,0,3,1,,103,8,NZ_180521_s04.d,Find by Molecular Feature
343,396.2125,396.5441,16.361,4560,65.4,395.2052,TRUE,Cpd 343: 16.361,,,395.2052,Negative,-1,-1,16.256,16.481,719,0.131,0,2,1,,152,4,NZ_180521_s04.d,Find by Molecular Feature
235,2023.9377,2024.3286,7.743,4478,72,673.6386,TRUE,Cpd 235: 7.743,,,673.6386,Negative,-3,-3,7.705,7.788,856,0.057,0,2,1,,106,13,NZ_180521_s04.d,Find by Molecular Feature
216,2535.3712,2535.807,7.527,4416,71.1,844.1165,TRUE,Cpd 216: 7.527,,,844.1165,Negative,-3,-3,7.48,7.555,919,0.055,0,2,1,,100,5,NZ_180521_s04.d,Find by Molecular Feature
321,1068.1541,1068.4023,16.188,4322,55.1,533.0698,TRUE,Cpd 321: 16.188,,,533.0698,Negative,-2,-2,16.089,16.256,1010,0.121,0,2,1,,141,2,NZ_180521_s04.d,Find by Molecular Feature
106,3118.4355,3119.5252,3.839,4195,51.7,622.6798,TRUE,Cpd 106: 3.839,,,623.0846,Negative,-5,-5,3.8,3.866,630,0.05,0,3,1,,45,1,NZ_180521_s04.d,Find by Molecular Feature
83,1119.1953,1119.4663,2.414,4092,85.6,558.5903,TRUE,Cpd 83: 2.414,,,558.5903,Negative,-2,-2,2.376,2.451,1164,0.05,0,2,1,,34,4,NZ_180521_s04.d,Find by Molecular Feature
395,508.2227,508.4765,16.699,3991,87.6,507.2154,TRUE,Cpd 395: 16.699,,,507.2154,Negative,-1,-1,16.656,16.756,1092,0.06,0,2,1,,173,3,NZ_180521_s04.d,Find by Molecular Feature
112,1294.1653,1294.6133,4.003,3933,74.3,646.0754,TRUE,Cpd 112: 4.003,,,646.0754,Negative,-2,-2,3.958,4.158,687,0.091,0,2,1,,48,4,NZ_180521_s04.d,Find by Molecular Feature
196,1396.2964,1396.6873,7.31,3904,75.3,1395.2891,TRUE,Cpd 196: 7.310,,,1395.2891,Negative,-1,-1,7.247,7.339,748,0.064,0,2,1,,94,1,NZ_180521_s04.d,Find by Molecular Feature
150,4161.5253,4162.5425,5.946,3852,58.7,692.5803,TRUE,Cpd 150: 5.946,,,692.7394,Negative,-6,-6,5.856,6.065,730,0.073,0,3,1,,71,2,NZ_180521_s04.d,Find by Molecular Feature
298,3751.5254,3752.5908,9.754,3609,56.5,749.2978,TRUE,Cpd 298: 9.754,,,749.6895,Negative,-5,-5,9.703,9.786,560,0.063,0,3,1,,130,15,NZ_180521_s04.d,Find by Molecular Feature
342,2783.3512,2784.4101,16.354,3486,54.2,1390.6683,TRUE,Cpd 342: 16.354,,,1391.169,Negative,-2,-2,16.331,16.406,505,0.042,0,3,1,,151,3,NZ_180521_s04.d,Find by Molecular Feature
437,421.2543,421.5746,17.096,3361,70.9,420.247,TRUE,Cpd 437: 17.096,,,420.247,Negative,-1,-1,17.055,17.122,846,0.047,0,2,1,,190,3,NZ_180521_s04.d,Find by Molecular Feature
276,1745.268,1745.6537,9.239,3345,68.5,1744.2607,TRUE,Cpd 276: 9.239,,,1744.2607,Negative,-1,-1,9.212,9.279,786,0.045,0,2,1,,123,4,NZ_180521_s04.d,Find by Molecular Feature
164,4771.6009,4772.5768,6.412,3309,58.7,1589.5263,TRUE,Cpd 164: 6.412,,,1589.5263,Negative,-3,-3,6.381,6.431,550,0.042,0,3,1,,81,1,NZ_180521_s04.d,Find by Molecular Feature
42,1390.1134,1390.4344,1.005,3186,61.9,694.0494,TRUE,Cpd 42: 1.005,,,694.0494,Negative,-2,-2,0.977,1.027,865,0.036,0,2,1,,15,6,NZ_180521_s04.d,Find by Molecular Feature
481,797.9938,797.9938,17.534,3122,56,832.9634,TRUE,Cpd 481: 17.534,,0.0008,832.9634,Negative,-1,-1,17.497,17.572,688,0.054,0,2,1,,208,3,NZ_180521_s04.d,Find by Molecular Feature
201,5419.7259,5420.7555,7.441,2757,50.3,1805.568,TRUE,Cpd 201: 7.441,,,1805.568,Negative,-3,-3,7.413,7.472,401,0.04,0,3,1,,97,5,NZ_180521_s04.d,Find by Molecular Feature
94,2259.325,2259.7465,3.472,2727,62.6,1128.6552,TRUE,Cpd 94: 3.472,,,1128.6552,Negative,-2,-2,3.433,3.5,684,0.049,0,2,1,,40,4,NZ_180521_s04.d,Find by Molecular Feature
264,3644.5951,3645.654,8.422,2689,60,1821.2903,TRUE,Cpd 264: 8.422,,,1822.2954,Negative,-2,-2,8.388,8.438,446,0.037,0,3,1,,117,3,NZ_180521_s04.d,Find by Molecular Feature
232,676.105,676.5332,7.741,1790,56.5,675.0977,TRUE,Cpd 232: 7.741,,,676.1009,Negative,-1,-1,7.722,7.772,412,0.04,0,2,1,,106,13,NZ_180521_s04.d,Find by Molecular Feature